participant,accL_cutoff_30_deg,accP_cutoff_30_deg,accL_cutoff_60_deg,accP_cutoff_60_deg,accL_cutoff_90_deg,accP_cutoff_90_deg,sdL_deg,rmsL_deg,rmsPmedianlocal_deg,querrMiddlebrooks,angular_error_deg
P0001,2.9602161407365224,-14.296780786950148,4.627916099219236,-11.730997459817496,3.837132594765298,-6.238978894871398,11.235307161524222,10.959091691408034,34.49043130064948,7.207207207207207,412.94255504924195
P0006,-1.2317442114116368,-10.164616475557047,-5.172453687478826,-7.999409879332051,-3.1122543066683286,-9.007756278141347,11.175626625418026,10.46138951546649,37.029607674042545,11.11111111111111,636.6197723675814
P0019,2.9581928805960844,1.4685991468970938,-0.27032154026079397,-1.7270330528382292,0.7837442292087875,-2.0488722840930853,13.640954206183464,9.387978450125082,27.313615949037274,15.942028985507246,913.4109777447907
P0031,0.2039660652328303,-2.0920429189056318,0.8202179186902505,-8.470039919480161,1.277109433632578,-8.50035921932134,10.814760758459709,9.42055202266381,36.82146000911834,7.352941176470588,421.29249641972297
P0043,0.030610586666620542,1.3011500918842385,-2.818564460711843,2.3209003136562507,-3.0510168846689076,3.4914411013725353,9.25298108086318,8.87580422728471,20.800662014559684,9.523809523809524,545.674090600784
P0124,-2.535638083726651,-0.09692474572965085,1.591933556093041,1.418827946896176,3.0603912627881917,1.8396714002561576,15.584796045370478,15.734172027973674,40.987518156206555,12.962962962962964,742.7230677621783
P0172,-0.26442753038625244,13.965264856855429,-0.11608620013599014,13.31004740914438,-0.5527866223853567,11.831354990883277,6.615996389837226,6.3353569554112354,30.674355513889324,0.0,0.0
P0181,1.1125722401029428,-9.135838284852227,1.7583763047618322,-10.429784437907994,2.8840791344268237,-13.03286279183485,8.637381998558112,7.253384317688847,30.78292748487269,12.5,716.1972439135291
P0015,1.4643716711565675,15.051776957654667,-2.612167122788302,9.098699360108245,-0.7309073871273668,4.965602676371816,10.129838187685461,8.029903047242078,36.49346934364532,6.349206349206349,363.78272706718934
P0107,-0.17965614410073535,0.7601129656403779,0.09905243756018911,2.4380669924273795,0.2014985461977129,8.329833630504707,10.605156152582495,8.896865402912507,29.866724819313486,15.625,895.2465548919113
P0155,-0.24108690289485427,-13.134766980576034,0.523258687290523,-1.7164594573499647,1.1943647928171635,3.5186461728815908,9.725705506967707,8.474825056048362,34.33233292389288,25.6,1466.7719555349076
P0204,2.3973290917531362,15.328901106677257,12.255174260333876,8.48131830466509,13.270405280016304,10.857779285924812,12.951615579197213,14.724973185893738,40.55658026129416,17.56756756756757,1006.5474779325274
P0213,8.872817023276081,-12.11194951606174,4.561998183002887,-16.318291774618704,3.9983528612827115,-13.27573212883823,15.751794320499162,14.98907089200794,36.73449553719966,12.962962962962964,742.7230677621783
P0224,9.749858910241446,-12.914131100272762,9.058305656928594,-12.54884118241948,9.677349147853219,-13.042232878314536,11.047872947788617,13.245018993071755,34.125559190912355,9.565217391304348,548.0465866468744
P0225,3.123410857549272,9.626740410029518,2.9467900392216326,13.484603498552937,4.417455109689488,16.363453641143717,8.58393808504073,9.142136038822413,30.24422292165505,19.718309859154928,1129.7759340607781
P0228,11.59821721703586,-1.9297176627266355,14.738431954115482,-2.4066355300990954,13.751006212052289,-1.794594564440786,15.018735422258839,20.95972807179663,27.894972709164232,0.0,0.0
P0239,9.42041902529698,33.83607796580528,11.260876907307308,21.804366012428382,9.342555877613949,25.73178191161624,14.546318677437636,15.74157684051595,38.331552157870064,35.55555555555556,2037.1832715762605
P0243,10.705142006593636,-29.66774555040208,7.9179064852566,-20.836980921243946,7.978702813131146,-17.05105228208988,13.372609850390223,14.008665884117441,37.67011289753518,18.181818181818183,1041.741445692406
P0244,20.456483605963516,1.2078996430535627,18.00921586113981,3.8779576082389955,16.137619588569677,3.8040576832852064,24.32849932229672,29.28712065405342,28.094974483632154,14.814814814814815,848.8263631567752
P0250,8.518452580082641,-1.281020554539104,6.6758626167405675,-2.185468397713997,5.775278893704553,-0.6426768517994521,19.204449903080626,19.192649276672732,43.39570705161797,27.551020408163264,1578.5571906665537
P0003,1.4077877069684406,1.309389729618228,2.074411325531645,1.8760218647310904,2.6243591707065175,-5.101598543634373,11.839579261333526,9.135938729485217,30.534062898014763,9.375,537.1479329351467
P0259,12.080502402078581,-2.3734312383658835,10.469697610128838,1.5538970157566068,10.791258264056085,-2.9118815031444822,12.045877964443976,13.754737709587806,31.989006826274522,10.526315789473685,603.1134685587614
P0261,7.714862878941442,-21.421795126221188,7.951652013646941,-16.731705186838354,6.311892335452764,-7.414474698252828,20.475203653983762,21.50892575204437,43.60378853625598,18.75,1074.2958658702935
P0005,1.808974447581628,-14.7914800163682,0.7159284546362995,-1.3409950241864845,0.393449388226244,0.9059245266304903,7.844082996425016,6.787325266055316,42.774476619084275,29.41176470588235,1685.1699856788919
P0020,0.3977943155514657,21.959251345097776,2.27895421770559,19.026781133690175,2.58300313691992,9.569408910539966,12.942228089792176,11.182676379927138,28.680279268132526,10.81081081081081,619.4138325738629
P0238,-6.452006326845729,14.686689863825947,-9.259838572688887,9.150157146130098,-6.894887675018276,5.287022907746356,14.280551690077262,14.193195939447422,39.52292373004626,43.58974358974359,2497.508337749742
P0271,-0.25678479150284067,0.5723788470687425,-3.933766000640512,10.318280447970022,-3.812786657281752,1.9121589504957812,10.592346864537195,10.379611234754313,25.974790130114336,7.142857142857143,409.25556795058804
P0330,-23.124605489805813,20.36580938168772,-19.848629323296485,16.242003531736213,-16.834229004263893,18.016240874650897,18.45637102727368,22.876119077591124,39.03716118436377,30.0,1718.8733853924696
P0347,7.316951133486625,12.911157837233036,6.1732437160122,-4.711015373482207,6.931605672082154,-10.920812213129718,12.787568388318938,12.095358844979124,33.19771968885612,32.432432432432435,1858.241497721589
P0348,3.7496248429945673,-13.702311257739575,0.8353810567764597,-13.705729364641714,1.8606882132975113,-16.56155863083573,10.907280598906555,10.26943121409688,35.64237632805943,6.896551724137931,395.14330698677463
P0349,3.655818317052902,-12.390670043970774,4.4764152383752895,-2.0333620592599746,5.000698599221847,2.2107950585986726,12.207261276413748,11.69775583230712,36.54724498932063,0.0,0.0
P0350,4.523033333968223,10.868243896096061,9.269457488406001,11.776263610190806,9.411654291214477,13.939287945240489,13.076395479970284,12.316097279630931,34.696236380439935,16.3265306122449,935.4412981727727
P0351,-1.4428611311854278,3.811056489619801,-4.983277581237906,1.1297810073165284,-3.742262930209494,4.776312836115691,8.720982723635228,8.33060936107922,16.16902376979823,2.5641025641025643,146.91225516174956
