participant,method,params_fitted,sigma_itd,sigma_ild,sigma_spectral,kappa_motor,sigma_motor,sigma_prior,nll,nll_initial,time_grid,time_bads,time_total,n_trials,success,sigma_motor_method,n_trials_motor,time_motor,nll_500
P0001,SHMAX,"['sigma_spectral', 'sigma_prior']",0.569,1.0,5.203930429710516,23.46966581081251,11.957344394067562,37.46837244322641,184.5806944098889,220.0974522967537,13.293006896972656,1593.6025698184967,1617.1976697444916,297,True,itd_ild_estimation,114,8.66811728477478,192.6715411660942
P0001,SH,"['sigma_spectral', 'sigma_prior']",0.569,1.0,4.457750946155102,23.48077865241992,11.95445049621094,39.67734604585403,183.02086954274253,226.25387154331852,12.977246046066284,1396.3749127388,1419.7900054454803,297,True,itd_ild_estimation,114,9.089497804641724,181.14142322746844
P0001,barycentric,"['sigma_spectral', 'sigma_prior']",0.569,1.0,5.5523190143394014,23.347692765336554,11.989246260577712,36.4134090995594,183.5056038639455,225.7091775616718,13.24711561203003,1413.9215302467346,1437.2849736213684,297,True,itd_ild_estimation,114,8.216870307922363,164.79733966622047
P0001,barumerli2023,"['sigma_spectral', 'sigma_prior']",0.569,1.0,10.000000000000002,23.53623161142609,11.940041331812203,50.0,265.8764572953292,256.2803175943817,12.971794128417969,1508.206517457962,1531.5457553863523,297,True,itd_ild_estimation,114,8.90816330909729,257.6909350147966
P0006,SHMAX,"['sigma_spectral', 'sigma_prior']",0.569,1.0,8.313804440240897,182.7972512374087,4.243595111062438,69.5473443508517,812.154122647158,867.6634938760898,12.953011512756348,1406.4152343273165,1429.8396999835968,297,True,itd_ild_estimation,114,9.247961282730104,725.9866230657422
P0006,SH,"['sigma_spectral', 'sigma_prior']",0.569,1.0,10.462930012960635,184.7429030722877,4.221128640520323,179.89984756408677,879.973758918985,860.080763484511,13.071576595306396,1158.1149847507477,1181.4822072982788,297,True,itd_ild_estimation,114,8.687078952789307,813.8805323721565
P0006,barycentric,"['sigma_spectral', 'sigma_prior']",0.569,1.0,13.171308023236254,181.4552699952391,4.259301694641081,179.7355838825212,828.9619164949978,848.9403516746848,13.2843976020813,1107.5207793712616,1131.0918374061584,297,True,itd_ild_estimation,114,8.663671493530273,784.5600358360514
P0006,barumerli2023,"['sigma_spectral', 'sigma_prior']",0.569,1.0,10.000000000000002,175.35645347778808,4.332946103176442,50.0,815.9359834387772,842.9680743959713,12.053892612457275,1082.6472294330597,1104.6958122253418,297,True,itd_ild_estimation,114,8.638335943222046,775.6302390387202
P0019,SHMAX,"['sigma_spectral', 'sigma_prior']",0.569,1.0,6.598694280178906,43.97990721429315,8.689659878603667,179.88720656818904,224.914129787469,252.72341700355585,10.04534125328064,1158.2005529403689,1170.7155666351318,198,True,itd_ild_estimation,75,0.617138147354126,224.4123521685623
P0019,SH,"['sigma_spectral', 'sigma_prior']",0.569,1.0,6.347368438401448,44.881039788541834,8.600968408034142,137.8969510607625,237.5901482514194,255.841877961546,13.866855382919312,1286.965923786163,1302.004674911499,198,True,itd_ild_estimation,75,0.6536898612976074,234.77004577161443
P0019,barycentric,"['sigma_spectral', 'sigma_prior']",0.569,1.0,5.958630899314383,44.57526248451546,8.630758516455762,179.88720656818904,233.7411497883168,245.3319739966076,11.4148371219635,1220.1958165168762,1232.8096060752869,198,True,itd_ild_estimation,75,0.6949846744537354,231.59997912898152
P0019,barumerli2023,"['sigma_spectral', 'sigma_prior']",0.569,1.0,9.1913415812244,44.14499906204444,8.673205798531777,124.4417466211533,268.7675557292517,276.9956405586832,10.043638706207275,1511.6610288619995,1522.8277418613434,198,True,itd_ild_estimation,75,0.6063153743743896,261.4045647796595
P0031,SHMAX,"['sigma_spectral', 'sigma_prior']",0.569,1.0,17.54687380932042,82.21916134765938,6.338223258709754,104.87892332278751,380.92175917780224,358.39111449293597,12.5538432598114,1365.5785553455353,1379.299967765808,198,True,itd_ild_estimation,75,0.6378889083862305,354.34073302147056
P0031,SH,"['sigma_spectral', 'sigma_prior']",0.569,1.0,11.05498406036751,87.00144524975663,6.160515591052758,175.043547378562,391.88713777203986,356.2513097123042,12.376096963882446,1112.9244074821472,1126.3700907230375,198,True,itd_ild_estimation,75,0.5820670127868652,343.0132011556921
P0031,barycentric,"['sigma_spectral', 'sigma_prior']",0.569,1.0,10.000000000000002,85.78359562079135,6.2043482739552145,50.0,371.2642527972866,378.4667263385519,11.864888429641724,1261.5252854824066,1274.6134338378906,198,True,itd_ild_estimation,75,0.6639180183410645,338.09322543636415
P0031,barumerli2023,"['sigma_spectral', 'sigma_prior']",0.569,1.0,21.680633505220513,83.91772751539858,6.273357369072673,73.53512228098067,417.9697461409114,432.620065130625,11.234983921051024,1340.6317245960236,1353.0581183433533,198,True,itd_ild_estimation,75,0.6476895809173584,386.93468345352375
P0043,SHMAX,"['sigma_spectral', 'sigma_prior']",0.569,1.0,8.816830667755712,54.22695099382956,7.817042626764521,106.52737250077143,104.30044761986456,96.99203921464988,13.063948154449465,1073.1075694561005,1087.0801742076874,99,True,itd_ild_estimation,39,0.3496882915496826,83.17669410869226
P0043,SH,"['sigma_spectral', 'sigma_prior']",0.569,1.0,8.068337520076833,53.990749255686175,7.834285234769712,55.54430793972824,112.42745119453012,107.09197408345554,11.822948932647703,1262.8187646865845,1275.4628868103027,99,True,itd_ild_estimation,39,0.3126091957092285,105.1020768976239
P0043,barycentric,"['sigma_spectral', 'sigma_prior']",0.569,1.0,10.084679705926597,54.45140485413961,7.800762671103799,75.85780602134042,97.28047792634996,108.9082921995614,10.800986051559448,1272.1502478122711,1283.832623243332,99,True,itd_ild_estimation,39,0.3970210552215576,92.35987782100845
P0043,barumerli2023,"['sigma_spectral', 'sigma_prior']",0.569,1.0,7.798321791554836,51.51178154584399,8.022414394735241,36.497985752265265,111.45375932306032,108.34372283451223,10.152462482452393,1201.7877593040466,1212.7807755470276,99,True,itd_ild_estimation,39,0.3302199840545654,102.18948422372661
P0124,SHMAX,"['sigma_spectral', 'sigma_prior']",0.569,1.0,17.89372693925512,65.83487885417162,7.088605969202719,22.248888635109537,187.2057370621137,210.8206370102455,10.110446453094482,1343.934749364853,1354.9020149707794,99,True,itd_ild_estimation,39,0.2976329326629638,180.76771850636598
P0124,SH,"['sigma_spectral', 'sigma_prior']",0.569,1.0,11.325219573134516,65.9206772863343,7.083955670472666,18.95219776313152,183.59958488256447,206.4379606800489,9.777063608169556,1582.4644615650177,1593.0494904518127,99,True,itd_ild_estimation,39,0.3145952224731445,180.73253184575145
P0124,barycentric,"['sigma_spectral', 'sigma_prior']",0.569,1.0,14.75106043066342,62.899566138891814,7.253433591676323,22.68978370472573,172.4236485593001,206.40879182093775,10.2588791847229,1294.424568414688,1305.500900030136,99,True,itd_ild_estimation,39,0.3142776489257812,166.72656473232016
P0124,barumerli2023,"['sigma_spectral', 'sigma_prior']",0.569,1.0,13.492920834776424,65.30063481760342,7.117769670841821,18.243416681851976,192.57060526418468,212.2764867709839,10.759478092193604,1257.066773891449,1268.6814677715302,99,True,itd_ild_estimation,39,0.3614330291748047,187.63475961506083
P0172,SHMAX,"['sigma_spectral', 'sigma_prior']",0.569,1.0,5.060851951802412,709.782697920065,2.151359216968124,29.02444671463837,380.6465666351291,135.7428878236825,12.364136934280396,1030.1417343616486,1043.410869598389,99,True,itd_ild_estimation,39,0.3407886028289795,150.88952239764618
P0172,SH,"['sigma_spectral', 'sigma_prior']",0.569,1.0,10.000000000000002,709.782697920065,2.151359216968124,50.0,199.79702588444533,184.97105610172937,10.716877222061155,1031.8260214328766,1043.5078928470612,99,True,itd_ild_estimation,39,0.4186747074127197,104.85069106244475
P0172,barycentric,"['sigma_spectral', 'sigma_prior']",0.569,1.0,8.195476678018142,709.782697920065,2.151359216968124,44.73321997662752,159.63030772648986,172.3586000232731,10.790752172470093,1084.9795849323273,1096.6274156570437,99,True,itd_ild_estimation,39,0.3447520732879638,123.84903155071027
P0172,barumerli2023,"['sigma_spectral', 'sigma_prior']",0.569,1.0,13.335214321633243,709.782697920065,2.151359216968124,50.0,169.47383279625987,140.3307076630407,10.999043226242064,1169.9920017719269,1181.9054946899414,99,True,itd_ild_estimation,39,0.3508920669555664,157.30885520081074
P0181,SHMAX,"['sigma_spectral', 'sigma_prior']",0.569,1.0,9.098805364596211,211.84914647245188,3.941153956510059,28.95111649200209,238.4878070041194,297.8784962464205,12.058907747268677,1282.2994446754456,1295.8523001670835,297,True,itd_ild_estimation,114,0.9393186569213868,209.9311628111369
P0181,SH,"['sigma_spectral', 'sigma_prior']",0.569,1.0,8.957967297634585,170.29084430502095,4.397107426712628,29.69648522375842,189.80123054397717,208.0713314412715,10.845617294311523,1211.9234380722046,1224.430519580841,297,True,itd_ild_estimation,114,1.1288630962371826,169.92632676357562
P0181,barycentric,"['sigma_spectral', 'sigma_prior']",0.569,1.0,9.098805364596211,212.91119030443656,3.9312887453055545,28.95111649200209,233.7338904459805,247.60419603613008,10.118021488189695,1229.31591796875,1241.0973794460297,297,True,itd_ild_estimation,114,1.1352660655975342,160.86293771140106
P0181,barumerli2023,"['sigma_spectral', 'sigma_prior']",0.569,1.0,9.671389888210152,184.9117857262295,4.219195338107185,28.603310027980445,238.3609707948631,298.09227471751956,11.63604998588562,1169.4504890441897,1182.459729194641,297,True,itd_ild_estimation,114,0.8625984191894531,214.80179444675645
P0015,SHMAX,"['sigma_spectral', 'sigma_prior']",0.569,1.0,8.110686539594711,156.9232039237934,4.581143581274155,43.8247076631871,582.7399870422698,530.7597650136885,10.438060283660889,1038.5974028110504,1050.2163372039795,198,True,itd_ild_estimation,75,0.6454076766967773,507.646945462373
P0015,SH,"['sigma_spectral', 'sigma_prior']",0.569,1.0,16.777662169537795,165.51775008475866,4.4602476406252025,74.67312736412948,654.8155069420219,688.6601069910014,11.050122022628784,1290.7304906845093,1302.8921601772308,198,True,itd_ild_estimation,75,0.6261470317840576,601.5412845371484
P0015,barycentric,"['sigma_spectral', 'sigma_prior']",0.569,1.0,6.818049119907763,159.76563283718406,4.540078795168591,20.04204509537579,659.8595950171344,559.5539768958304,10.254963874816896,1316.9764935970306,1328.5508749485016,198,True,itd_ild_estimation,75,0.7625207901000977,611.4381534781862
P0015,barumerli2023,"['sigma_spectral', 'sigma_prior']",0.569,1.0,15.163034838690567,159.46032995975034,4.544436666169029,33.92446231814703,615.6965267305893,656.6707195670244,9.195730447769163,1157.1975500583649,1167.6686515808103,198,True,itd_ild_estimation,75,0.7274796962738037,447.94297914420395
P0107,SHMAX,"['sigma_spectral', 'sigma_prior']",0.569,1.0,9.891383038213922,109.48957374136728,5.488251387250074,47.10734140717776,418.11163678227615,432.2265810005169,10.895776987075806,1217.6768248081207,1230.3401939868927,297,True,itd_ild_estimation,114,1.2251591682434082,353.2474458103231
P0107,SH,"['sigma_spectral', 'sigma_prior']",0.569,1.0,11.098133354476577,107.22554467676176,5.546160689825913,49.94140339820411,436.5784069223725,436.61462081539634,11.762518882751465,1441.4658682346344,1455.0957326889038,297,True,itd_ild_estimation,114,1.3086919784545898,389.0696589262035
P0107,barycentric,"['sigma_spectral', 'sigma_prior']",0.569,1.0,7.693224366095037,117.7317792915015,5.291798167545057,51.309817870622176,468.1137894697391,438.0495941816839,10.68002223968506,1251.833552122116,1263.9900047779083,297,True,itd_ild_estimation,114,0.9060800075531006,410.45216272503484
P0107,barumerli2023,"['sigma_spectral', 'sigma_prior']",0.569,1.0,8.39835707961046,110.98707847093527,5.450930240067767,52.4840249459378,444.4988822468682,462.0004186327381,11.3361976146698,1220.2619564533234,1232.947695493698,297,True,itd_ild_estimation,114,0.8688316345214844,387.7790244879088
P0155,SHMAX,"['sigma_spectral', 'sigma_prior']",0.569,1.0,10.567749858783497,91.04869509641904,6.021256222044961,32.791447281195566,313.7852825862705,295.57131772361737,9.871673345565796,1349.756453037262,1362.618281364441,297,True,itd_ild_estimation,114,2.4474334716796875,283.2421892765617
P0155,SH,"['sigma_spectral', 'sigma_prior']",0.569,1.0,12.122160143444752,87.5409568117842,6.141392279718544,40.33530984288653,304.3551723578347,327.60565700401304,10.781949758529665,1274.1789231300354,1286.5418198108673,297,True,itd_ild_estimation,114,1.010042667388916,294.9524148845528
P0155,barycentric,"['sigma_spectral', 'sigma_prior']",0.569,1.0,13.335214321633243,92.70189434924332,5.96702812754946,50.0,319.5221986378542,319.5153949075296,10.873194694519045,1310.7785623073578,1324.8960037231443,297,True,itd_ild_estimation,114,1.1408588886260986,287.58662877715443
P0155,barumerli2023,"['sigma_spectral', 'sigma_prior']",0.569,1.0,10.000000000000002,83.27245619794728,6.297764082619572,50.0,326.60003031788295,443.9374203138424,11.667216062545776,972.2483987808228,985.3975539207458,297,True,itd_ild_estimation,114,0.9430267810821532,328.2871377233936
P0204,SHMAX,"['sigma_spectral', 'sigma_prior']",0.569,1.0,29.618128785340584,35.85313744956521,9.63708804682346,44.96011632514824,471.40652430362127,441.6992467207892,10.837011098861694,1090.2001271247864,1102.1130619049072,198,True,itd_ild_estimation,75,0.6038997173309326,440.8768263358806
P0204,SH,"['sigma_spectral', 'sigma_prior']",0.569,1.0,8.391278302415008,34.721886005994016,9.795133799903397,25.127071718454275,435.7772247216346,481.2120849313159,10.05475902557373,991.8455984592438,1003.0667731761932,198,True,itd_ild_estimation,75,0.6584720611572266,417.4809549655746
P0204,barycentric,"['sigma_spectral', 'sigma_prior']",0.569,1.0,10.000000000000002,35.52827134507717,9.681689663134348,28.117066259517458,461.4478576110926,446.309990057582,14.166358232498167,1379.743156194687,1394.9907512664795,198,True,itd_ild_estimation,75,0.5545578002929688,409.3670264144173
P0204,barumerli2023,"['sigma_spectral', 'sigma_prior']",0.569,1.0,9.963080854788192,35.48550740201892,9.687607076984005,22.423432389263237,474.51232472162303,522.6867213818732,9.37625527381897,1510.1232891082764,1520.6020619869232,198,True,itd_ild_estimation,75,0.5857629776000977,468.29689551122306
P0213,SHMAX,"['sigma_spectral', 'sigma_prior']",0.569,1.0,8.626865050608128,9.560939643982351,19.0616089002406,57.65364252881967,244.87021220262497,241.0160197017757,8.787156820297241,1509.0496027469635,1519.110550880432,198,True,itd_ild_estimation,75,0.7094593048095703,244.75315831278778
P0213,SH,"['sigma_spectral', 'sigma_prior']",0.569,1.0,10.426282020090715,9.51743481262056,19.107821848447447,66.09814655908676,245.53246842158575,248.02486500445752,11.593090772628784,1126.273406982422,1138.884643793106,198,True,itd_ild_estimation,75,0.5428383350372314,246.68299230070332
P0213,barycentric,"['sigma_spectral', 'sigma_prior']",0.569,1.0,9.743129669066844,9.517245325516775,19.108023870530353,50.65490186647256,244.298576037784,242.61367586545273,10.075258493423462,2125.795163869858,2137.0598833560944,198,True,itd_ild_estimation,75,0.7047688961029053,243.89394284640468
P0213,barumerli2023,"['sigma_spectral', 'sigma_prior']",0.569,1.0,9.339057699762613,9.467148527399392,19.16166173071218,77.6742506583966,245.07203282869463,246.63809585141024,10.349247455596924,1462.7254984378817,1474.180780172348,198,True,itd_ild_estimation,75,0.6113336086273193,243.4195948084678
P0224,SHMAX,"['sigma_spectral', 'sigma_prior']",0.569,1.0,7.760990203516873,14.465852972696798,15.34046419960414,68.60149139828366,294.9438754230275,315.1178998224593,10.70895218849182,1213.769578456879,1225.9224922657013,297,True,itd_ild_estimation,114,0.930393934249878,297.38060756889746
P0224,SH,"['sigma_spectral', 'sigma_prior']",0.569,1.0,6.9521742284290005,14.369566154611212,15.393749742790174,179.89984756408677,292.63736082333685,320.8524411328202,11.191260576248167,1729.737825870514,1742.3175015449524,297,True,itd_ild_estimation,114,0.8859801292419434,293.6473012123983
P0224,barycentric,"['sigma_spectral', 'sigma_prior']",0.569,1.0,7.597597280285009,14.506579119736326,15.318092395196365,136.95947249977704,288.3011684488639,296.7732448336655,12.508877515792848,1323.3130407333374,1337.2631568908691,297,True,itd_ild_estimation,114,0.9543190002441406,291.79958252111646
P0224,barumerli2023,"['sigma_spectral', 'sigma_prior']",0.569,1.0,8.344238690025376,13.798047104931062,15.721905285557437,87.42704216830855,332.3998738589816,339.09880155085557,10.033712148666382,1024.791651725769,1036.3176476955414,297,True,itd_ild_estimation,114,0.9793827533721924,324.11432556489467
P0225,SHMAX,"['sigma_spectral', 'sigma_prior']",0.569,1.0,10.000000000000002,67.83941840774736,6.982292944392885,50.0,100.13908720869485,98.04870640305204,11.150933980941772,1210.5307745933533,1222.845708608627,198,True,itd_ild_estimation,75,0.6230630874633789,103.9488633150952
P0225,SH,"['sigma_spectral', 'sigma_prior']",0.569,1.0,10.000000000000002,63.702599754324496,7.207201311344121,50.0,109.88928934115664,105.98044297252288,11.606475591659546,1306.6381921768188,1319.3580222129822,198,True,itd_ild_estimation,75,0.6031384468078613,96.16329316893923
P0225,barycentric,"['sigma_spectral', 'sigma_prior']",0.569,1.0,7.498942093324559,67.58080652001885,6.995740434797411,50.0,148.6341663191915,85.40025080711943,9.168047428131104,1493.506752490997,1503.8278720378876,198,True,itd_ild_estimation,75,0.6401412487030029,98.43941608062832
P0225,barumerli2023,"['sigma_spectral', 'sigma_prior']",0.569,1.0,6.892533827756798,66.83651632894345,7.034880529479929,39.35193553324071,86.92928969506549,86.7954762689311,10.87475872039795,1400.5347683429718,1412.7391693592072,198,True,itd_ild_estimation,75,0.7679171562194824,76.5044053659412
P0228,SHMAX,"['sigma_spectral', 'sigma_prior']",0.569,1.0,3.39579144219953,6.795678877282299,22.908942636754126,156.20682315899006,83.55781764915073,98.08354746507317,11.428539991378784,1111.2464048862455,1123.499134540558,99,True,itd_ild_estimation,39,0.3550670146942138,84.32642065831915
P0228,SH,"['sigma_spectral', 'sigma_prior']",0.569,1.0,3.3266782841623503,6.781141669401197,22.93583661115537,129.85931326705602,82.495274062695,96.8062563126515,11.162810564041138,1500.7905960083008,1513.027671098709,99,True,itd_ild_estimation,39,0.5229249000549316,82.55509738072152
P0228,barycentric,"['sigma_spectral', 'sigma_prior']",0.569,1.0,3.2050095967180448,6.800340799276252,22.90033835528762,159.78770147260252,84.1930248250689,97.43402023595712,11.336659908294678,1861.579113960266,1874.0280096530912,99,True,itd_ild_estimation,39,0.5493855476379395,84.14781323579847
P0228,barumerli2023,"['sigma_spectral', 'sigma_prior']",0.569,1.0,3.172738847329777,7.046360511196238,22.459774189398203,127.670263671757,83.7878074654689,100.38166205844692,10.17737603187561,1477.358824968338,1488.4042551517489,99,True,itd_ild_estimation,39,0.3634424209594726,83.50550809582319
P0239,SHMAX,"['sigma_spectral', 'sigma_prior']",0.569,1.0,17.40040431006093,9.181916779926516,19.475957128067677,12.19929879947554,110.01346579306237,147.76866437330827,10.690398931503296,1453.3644173145294,1464.9833018779757,99,True,itd_ild_estimation,39,0.377648115158081,109.83134208020157
P0239,SH,"['sigma_spectral', 'sigma_prior']",0.569,1.0,13.75134701258466,9.164975008121196,19.495118069007507,4.41923688473052,112.39699285305578,150.49176535597104,12.85590410232544,1512.93620967865,1526.6579434871674,99,True,itd_ild_estimation,39,0.3481602668762207,111.02128812810705
P0239,barycentric,"['sigma_spectral', 'sigma_prior']",0.569,1.0,16.372617770585325,9.27612951539736,19.370430561547405,10.528452480408902,109.60025470995797,146.61045910218957,11.420451164245604,1646.196842670441,1658.416737318039,99,True,itd_ild_estimation,39,0.3219718933105469,107.59022689807425
P0239,barumerli2023,"['sigma_spectral', 'sigma_prior']",0.569,1.0,10.64864034090778,9.057766975346608,19.61770250941257,8.229871210989652,102.39410062847682,138.4437569451828,12.884394645690918,1325.0212049484253,1338.720062494278,99,True,itd_ild_estimation,39,0.3175771236419678,101.10217049027038
P0243,SHMAX,"['sigma_spectral', 'sigma_prior']",0.569,1.0,8.956590437232734,16.835692210478673,14.181890569045908,56.98534963286135,336.3964381719689,336.73286568704515,13.514784812927246,1424.098881483078,1439.032990694046,297,True,itd_ild_estimation,114,0.8870062828063965,330.4367960443298
P0243,SH,"['sigma_spectral', 'sigma_prior']",0.569,1.0,7.32975429262459,17.454910315473157,13.92008243815504,107.03197083831604,355.0894820632847,349.7129719314122,13.131717920303345,1471.1529490947723,1485.857735157013,297,True,itd_ild_estimation,114,1.0664572715759275,345.3378559764742
P0243,barycentric,"['sigma_spectral', 'sigma_prior']",0.569,1.0,8.923413247997393,16.491052032922248,14.334168882231335,74.28062032396636,337.70980320305483,336.55135354685075,10.96611261367798,1274.8096506595612,1287.192275762558,297,True,itd_ild_estimation,114,0.943516492843628,326.4334694676284
P0243,barumerli2023,"['sigma_spectral', 'sigma_prior']",0.569,1.0,10.000000000000002,17.279839648612374,13.992627438354546,50.0,384.79112072736734,404.56996563781286,10.51282024383545,1351.7723569869995,1363.797077178955,297,True,itd_ild_estimation,114,1.03371000289917,377.2752238500714
P0244,SHMAX,"['sigma_spectral', 'sigma_prior']",0.569,1.0,7.119068816571418,4.067558071198454,30.72557609937805,40.707919647578706,492.7812736033327,495.08721056096186,12.40685486793518,1423.5545070171356,1437.4556875228882,297,True,itd_ild_estimation,114,0.980422019958496,492.25846322452367
P0244,SH,"['sigma_spectral', 'sigma_prior']",0.569,1.0,7.685659720565182,4.0508213564894096,30.80226447750941,40.84227234009397,494.6252439840622,497.9239512037625,9.521817922592165,1112.064821958542,1123.1284823417664,297,True,itd_ild_estimation,114,0.994358777999878,494.0052591842831
P0244,barycentric,"['sigma_spectral', 'sigma_prior']",0.569,1.0,7.564768180650223,4.066103785631517,30.732216396829937,36.24715150959409,495.68938668351893,495.7585537030499,11.223554849624634,1426.6682085990906,1439.181799173355,297,True,itd_ild_estimation,114,0.8924684524536133,494.67006885208065
P0244,barumerli2023,"['sigma_spectral', 'sigma_prior']",0.569,1.0,6.428656941340373,4.152277991802246,30.346211245957846,46.58330946385493,475.8586163663505,480.6312018459149,10.70962142944336,1552.847864151001,1565.085658788681,297,True,itd_ild_estimation,114,1.082686424255371,475.0182083266533
P0250,SHMAX,"['sigma_spectral', 'sigma_prior']",0.569,1.0,9.029343412719394,4.873333312216297,27.612642078262972,49.33689157569385,520.2470674958804,516.2491555906344,12.652074337005615,1571.4230279922483,1585.6985657215118,297,True,itd_ild_estimation,114,1.0594244003295898,519.3630755394395
P0250,SH,"['sigma_spectral', 'sigma_prior']",0.569,1.0,8.843667081278443,4.908683657255759,27.497471269634932,43.34692412391159,520.8559083811131,522.8051957106164,11.69962763786316,1243.1048197746277,1256.219212770462,297,True,itd_ild_estimation,114,0.9295616149902344,518.7205281131377
P0250,barycentric,"['sigma_spectral', 'sigma_prior']",0.569,1.0,10.06001810945782,4.914352787404847,27.479139514634387,60.85071443052056,519.3795550676928,519.3909288807837,10.77316164970398,1297.829830646515,1310.026216506958,297,True,itd_ild_estimation,114,0.9331254959106444,520.5255473948225
P0250,barumerli2023,"['sigma_spectral', 'sigma_prior']",0.569,1.0,8.817450242223673,5.6407257851290815,25.403048684873095,38.29015556506501,525.3400462016978,523.2562085862287,9.812912702560425,1801.7987716197968,1813.0345966815948,297,True,itd_ild_estimation,114,0.9255189895629884,520.16953937137
P0003,SHMAX,"['sigma_spectral', 'sigma_prior']",0.569,1.0,17.22020066807259,343.5125296209381,3.093627543685624,88.75323191842085,443.3828403185289,416.01102350005766,9.543041706085203,1413.612929105759,1424.0452625751495,99,True,itd_ild_estimation,36,0.3599448204040527,387.6703408603164
P0003,SH,"['sigma_spectral', 'sigma_prior']",0.569,1.0,25.55288539390978,381.34717952219137,2.935942685851317,76.42167361703962,543.3496836812202,554.0994670881447,10.133015871047974,1159.405160188675,1170.3183767795565,99,True,itd_ild_estimation,36,0.2935824394226074,466.3324857330698
P0003,barycentric,"['sigma_spectral', 'sigma_prior']",0.569,1.0,15.162502099972263,370.2649170545755,2.9796147289426407,179.89984756408677,498.5966455599557,517.1440982689888,9.70199990272522,1198.1729218959808,1208.6433873176577,99,True,itd_ild_estimation,36,0.3571319580078125,459.7942017622545
P0003,barumerli2023,"['sigma_spectral', 'sigma_prior']",0.569,1.0,19.434537899615552,237.29415553789647,3.72338506810375,95.33303993840649,357.87819963090976,333.4305565991429,10.73726773262024,1407.051781415939,1418.6265616416931,99,True,itd_ild_estimation,36,0.3252162933349609,338.1977093253683
P0259,SHMAX,"['sigma_spectral', 'sigma_prior']",0.569,1.0,7.607722677839926,14.501235156914149,15.32102236817253,179.89984756408677,76.91507901086561,91.97800885121627,10.6021409034729,1369.3439502716064,1382.5829174518583,99,True,itd_ild_estimation,36,2.1098175048828125,74.28790423320294
P0259,SH,"['sigma_spectral', 'sigma_prior']",0.569,1.0,8.344715108111327,14.345804749851707,15.406985207188782,142.95087449248874,79.28679883870396,97.96087175649882,10.716633796691896,1641.4931848049164,1653.0726699829102,99,True,itd_ild_estimation,36,0.3773219585418701,78.71598235767213
P0259,barycentric,"['sigma_spectral', 'sigma_prior']",0.569,1.0,8.185126187514237,14.41985495664305,15.365850434328433,179.89999570602336,76.27333209426449,92.95268407274456,12.07899808883667,1314.7274057865145,1327.6669936180117,99,True,itd_ild_estimation,36,0.3479125499725342,74.13593146277782
P0259,barumerli2023,"['sigma_spectral', 'sigma_prior']",0.569,1.0,5.430733768917524,14.132946769948267,15.527096249496758,152.6118269039948,76.20002940501568,90.98396337707764,11.19029188156128,1445.57030916214,1457.5795803070068,99,True,itd_ild_estimation,36,0.3391237258911133,75.12750912651127
P0261,SHMAX,"['sigma_spectral', 'sigma_prior']",0.569,1.0,10.682084420104962,6.559143758750837,23.358870531971487,179.89984756408677,165.15457481607646,169.91844696322715,10.6799476146698,1593.3385512828827,1604.8897886276245,99,True,itd_ild_estimation,36,0.3775606155395508,166.95743242838913
P0261,SH,"['sigma_spectral', 'sigma_prior']",0.569,1.0,10.000000000000002,6.592700428738516,23.29339684239794,158.11388300841895,164.26564300395924,166.77151159312658,13.997988939285278,1074.3867738246918,1089.3081920146942,99,True,itd_ild_estimation,36,0.3712124824523926,163.2976981532463
P0261,barycentric,"['sigma_spectral', 'sigma_prior']",0.569,1.0,9.542327375535445,6.539304159146345,23.39784546994521,124.82271158357088,165.76656487983513,170.56468898162908,12.737884283065796,1272.7274055480957,1286.3085660934448,99,True,itd_ild_estimation,36,0.3235499858856201,164.77089718556087
P0261,barumerli2023,"['sigma_spectral', 'sigma_prior']",0.569,1.0,5.794268031331492,6.3267058618227185,23.828359676308512,66.29793291328501,159.7131482004273,168.8587570639282,11.484708547592165,1198.4092502593994,1210.687549352646,99,True,itd_ild_estimation,36,0.3255221843719482,158.61153465600017
P0005,SHMAX,"['sigma_spectral', 'sigma_prior']",0.569,1.0,19.03983085645947,63.18403408200051,7.23695459177118,26.731779224439123,138.72709376693706,104.40058710543772,8.763599634170532,1311.0080244541168,1320.561928272247,99,True,itd_ild_estimation,39,0.2925014495849609,82.76518362300727
P0005,SH,"['sigma_spectral', 'sigma_prior']",0.569,1.0,15.82724019660872,60.78546672092298,7.379534353300952,140.80664574873555,171.56622639903793,175.00305236537153,13.2257239818573,1409.7365567684174,1423.7560229301453,99,True,itd_ild_estimation,39,0.3035175800323486,116.40231806651684
P0005,barycentric,"['sigma_spectral', 'sigma_prior']",0.569,1.0,15.274252332998469,64.87731750411503,7.141135398249278,24.755525670179612,141.99095623634807,168.65421835518282,12.95200777053833,1344.2074642181396,1357.9483451843262,99,True,itd_ild_estimation,39,0.2961735725402832,75.98793950390262
P0005,barumerli2023,"['sigma_spectral', 'sigma_prior']",0.569,1.0,15.967680167065422,53.95652859879591,7.836792801274833,29.934245698648574,146.97949928276822,200.02662555832873,9.310582637786863,1346.2995355129242,1356.4263815879822,99,True,itd_ild_estimation,39,0.3468732833862304,161.88310485104665
P0020,SHMAX,"['sigma_spectral', 'sigma_prior']",0.569,1.0,8.743502492040285,85.0221410915369,6.232234541231919,42.14092337447905,158.07580820917556,160.81693655735754,14.15792179107666,1467.0833535194397,1482.0826807022097,99,True,itd_ild_estimation,39,0.3256876468658447,157.78804118319945
P0020,SH,"['sigma_spectral', 'sigma_prior']",0.569,1.0,8.66694840008823,83.85508856903517,6.27571419364161,54.69031616285692,176.1924098663266,170.07834650680954,9.426230669021606,1529.3301124572754,1539.6192274093628,99,True,itd_ild_estimation,39,0.3571081161499023,173.1715062986667
P0020,barycentric,"['sigma_spectral', 'sigma_prior']",0.569,1.0,8.807542273289258,82.10028395662702,6.342838715145291,35.562334940853965,154.06157372815807,163.4784751359042,10.069118976593018,1210.1226003170011,1220.933692932129,99,True,itd_ild_estimation,39,0.2777533531188965,152.3003632604589
P0020,barumerli2023,"['sigma_spectral', 'sigma_prior']",0.569,1.0,8.281041842570689,88.22003814734263,6.1175730986645895,27.43528494674504,171.92129738981197,176.08041275324877,11.271701335906982,1293.4267041683197,1305.509700536728,99,True,itd_ild_estimation,39,0.3311972618103027,163.00344905310712
P0238,SHMAX,"['sigma_spectral', 'sigma_prior']",0.569,1.0,10.422347642835314,12.621878973821945,16.469232357369634,32.461301965644296,148.69052413899084,150.36301697917546,11.071844816207886,1667.163805961609,1679.0860998630524,99,True,itd_ild_estimation,39,0.3548212051391601,148.10282728370652
P0238,SH,"['sigma_spectral', 'sigma_prior']",0.569,1.0,14.258323697684808,12.450436060919376,16.58733671613135,32.91557011838336,147.91905204247007,145.70371021858887,11.34227466583252,1392.9533259868622,1405.0940079689026,99,True,itd_ild_estimation,39,0.3180651664733886,146.32648083426284
P0238,barycentric,"['sigma_spectral', 'sigma_prior']",0.569,1.0,14.011491736394111,12.680367386473083,16.42951548041561,38.60693432714186,150.31139826866774,153.09456274128752,10.240933418273926,1462.4013495445251,1473.4358825683594,99,True,itd_ild_estimation,39,0.3268613815307617,146.73681592017542
P0238,barumerli2023,"['sigma_spectral', 'sigma_prior']",0.569,1.0,6.62325181437176,11.955679403046394,16.943001379690074,15.756672567240011,134.46988404260023,140.93381234508774,10.170259952545166,2483.066319465637,2494.0188744068146,99,True,itd_ild_estimation,39,0.2974095344543457,133.26225975673648
P0271,SHMAX,"['sigma_spectral', 'sigma_prior']",0.569,1.0,10.000000000000002,42.47121683482434,8.844496463806788,50.0,101.21287223743386,109.94495840038512,9.886969566345217,1249.852091550827,1260.603379487991,99,True,itd_ild_estimation,39,0.3940160274505615,102.33195226612028
P0271,SH,"['sigma_spectral', 'sigma_prior']",0.569,1.0,9.96287028038482,41.83484498169478,8.912336194974783,49.68784084883111,106.4723258207936,108.04652032276256,9.876784801483154,1326.65545296669,1337.3467297554016,99,True,itd_ild_estimation,39,0.3541038036346435,105.78322634516441
P0271,barycentric,"['sigma_spectral', 'sigma_prior']",0.569,1.0,9.098805364596211,41.38480978646608,8.961265268673504,51.48317435536562,101.66686839185296,101.32637327477347,9.170045852661133,1552.321223735809,1562.337896823883,99,True,itd_ild_estimation,39,0.3467066287994385,97.79032130170138
P0271,barumerli2023,"['sigma_spectral', 'sigma_prior']",0.569,1.0,6.892533827756798,42.73706128553053,8.81661167126292,39.35193553324071,103.50874183350273,98.29314965907672,12.18517565727234,1011.2708189487456,1024.29482960701,99,True,itd_ild_estimation,39,0.3396661281585693,101.88817700938814
P0330,SHMAX,"['sigma_spectral', 'sigma_prior']",0.569,1.0,9.815509366002614,3.199083236711167,35.6857653781184,109.4486685841472,170.61682236538147,172.18066198107036,13.66060757637024,1274.3661968708038,1288.854898929596,99,True,itd_ild_estimation,39,0.3209905624389648,171.9467298033802
P0330,SH,"['sigma_spectral', 'sigma_prior']",0.569,1.0,9.567274415622904,3.1898285921065135,35.75215328853828,179.89984756408677,170.21846680869126,171.4980913820607,11.224744319915771,1364.3275899887085,1376.2897176742554,99,True,itd_ild_estimation,39,0.2792983055114746,168.71570762902624
P0330,barycentric,"['sigma_spectral', 'sigma_prior']",0.569,1.0,9.2025653621767,3.194417642975902,35.71918921393165,121.32167686327138,170.8556651016199,169.8373603105788,12.31589937210083,1973.7844104766848,1986.907121896744,99,True,itd_ild_estimation,39,0.3263552188873291,170.27110456287386
P0330,barumerli2023,"['sigma_spectral', 'sigma_prior']",0.569,1.0,7.252742239742989,3.229440352446499,35.47048331564976,96.02638219560478,159.79468568620777,163.56239601458023,9.979942560195925,1284.5421602725985,1295.3526108264923,99,True,itd_ild_estimation,39,0.3486006259918213,159.3285375049105
P0347,SHMAX,"['sigma_spectral', 'sigma_prior']",0.569,1.0,12.19620386494643,9.094227949932852,19.57575141897461,17.81644446663012,116.01491741196683,126.58191165085503,11.509474515914915,1558.7726016044617,1571.0402297973633,99,True,itd_ild_estimation,39,0.3082091808319092,115.99575495227138
P0347,SH,"['sigma_spectral', 'sigma_prior']",0.569,1.0,17.42134633704788,9.089464439517936,19.581216823291975,19.452926186385348,117.40909173185229,132.15603570936713,10.52051568031311,1496.082247018814,1507.4659171104431,99,True,itd_ild_estimation,39,0.3809514045715332,116.52309288237548
P0347,barycentric,"['sigma_spectral', 'sigma_prior']",0.569,1.0,11.932693257079777,9.161792420584392,19.49872388837777,18.17563448598168,117.22344209065966,131.40631111362043,10.392016649246216,1464.5405642986298,1475.6913483142853,99,True,itd_ild_estimation,39,0.2806122303009033,116.21182693084751
P0347,barumerli2023,"['sigma_spectral', 'sigma_prior']",0.569,1.0,11.804551699400823,9.098765833647311,19.57054916679561,15.02431541001942,118.71301875626114,130.3703412316964,10.00194525718689,1273.8162648677826,1284.6963143348694,99,True,itd_ild_estimation,39,0.3716583251953125,117.53618824735346
P0348,SHMAX,"['sigma_spectral', 'sigma_prior']",0.569,1.0,6.5857238429318805,30.003281289623143,10.54972531266219,59.88790832471465,101.86664597585852,103.9179681369549,9.730042219161987,1014.3950538635254,1025.0399091243744,99,True,itd_ild_estimation,39,0.3695631027221679,100.18984284195086
P0348,SH,"['sigma_spectral', 'sigma_prior']",0.569,1.0,6.984384371352309,32.53344498739196,10.12432833743956,50.52886404307971,109.81924894628104,112.92992589306174,9.409709930419922,1382.2908186912537,1392.4934849739077,99,True,itd_ild_estimation,39,0.312037706375122,106.79706240456389
P0348,barycentric,"['sigma_spectral', 'sigma_prior']",0.569,1.0,6.895289026025717,30.166700882767667,10.520613975277078,60.78472373762469,103.34987254778476,110.5342393341879,10.00713849067688,1509.1468930244446,1519.9342985153198,99,True,itd_ild_estimation,39,0.282045841217041,103.155630665867
P0348,barumerli2023,"['sigma_spectral', 'sigma_prior']",0.569,1.0,6.892533827756798,31.120122645516236,10.355449196595384,39.35193553324071,106.18212156794876,117.09898498970048,10.86155915260315,1016.9144251346588,1028.6143815517426,99,True,itd_ild_estimation,39,0.3631105422973633,105.5800206014242
P0349,SHMAX,"['sigma_spectral', 'sigma_prior']",0.569,1.0,7.641403062537062,35.116299160651145,9.739151296404255,51.87279370955596,102.29754044771708,106.87361465633887,11.02161693572998,1524.0498008728027,1535.86753821373,99,True,itd_ild_estimation,39,0.2958202362060547,101.38054413111473
P0349,SH,"['sigma_spectral', 'sigma_prior']",0.569,1.0,6.581372310080155,34.817011399905134,9.781543494594173,47.21023794531905,103.74971349535645,108.90735635728127,12.685702323913574,1313.292403459549,1326.7765927314758,99,True,itd_ild_estimation,39,0.3014388084411621,102.18399050544394
P0349,barycentric,"['sigma_spectral', 'sigma_prior']",0.569,1.0,6.639816414752987,34.85220696773415,9.77652952139146,43.08337267176783,100.35908607482624,102.97607952331003,10.841900110244753,1223.8672609329224,1235.5863144397736,99,True,itd_ild_estimation,39,0.3561902046203613,100.27509859293039
P0349,barumerli2023,"['sigma_spectral', 'sigma_prior']",0.569,1.0,8.01775413366044,33.81488213514315,9.927626445309654,64.31984724684874,116.88516946839404,118.54784570742753,9.748141050338743,1225.127480506897,1235.7297298908234,99,True,itd_ild_estimation,39,0.332449197769165,115.97631754540298
P0350,SHMAX,"['sigma_spectral', 'sigma_prior']",0.569,1.0,8.264294986723481,14.396203863823182,15.378952683848157,18.05243098808502,93.90166445588125,109.57863807864727,10.782968044281006,1592.908566236496,1606.4439611434937,99,True,itd_ild_estimation,39,0.3423714637756347,95.37500843955618
P0350,SH,"['sigma_spectral', 'sigma_prior']",0.569,1.0,8.818711307547106,14.26204337818869,15.453915823765046,16.76464055702359,94.784240086802,107.24185756121916,9.83123230934143,1708.1891150474548,1718.7447712421415,99,True,itd_ild_estimation,39,0.2712416648864746,90.86816224085206
P0350,barycentric,"['sigma_spectral', 'sigma_prior']",0.569,1.0,8.850583287333023,14.3249435444743,15.418633455206486,19.971488474062415,96.61788842498666,111.19800433457024,9.611181259155272,1287.235505104065,1297.664823770523,99,True,itd_ild_estimation,39,0.3082609176635742,98.05954918711194
P0350,barumerli2023,"['sigma_spectral', 'sigma_prior']",0.569,1.0,6.020262141210183,14.146721750724664,15.519238009587085,11.110536890052106,89.03198647692773,113.429887272061,11.389861822128296,1507.5999820232391,1519.8356840610504,99,True,itd_ild_estimation,39,0.322406530380249,85.91946382745259
P0351,SHMAX,"['sigma_spectral', 'sigma_prior']",0.569,1.0,4.455566121468573,59.34510911468584,7.469314014353398,179.89984756408677,-54.37253937209969,2.872637049397055,9.13966464996338,1367.1755945682526,1377.2272155284882,99,True,itd_ild_estimation,39,0.3838169574737549,-55.359669048280196
P0351,SH,"['sigma_spectral', 'sigma_prior']",0.569,1.0,4.5058936509062955,57.486842189680296,7.590134907646568,110.08416312134352,-48.765393949515584,14.277502800910815,10.615597486495972,2599.919408559799,2611.3368356227875,99,True,itd_ild_estimation,39,0.350355863571167,-47.088552695392636
P0351,barycentric,"['sigma_spectral', 'sigma_prior']",0.569,1.0,4.232546089900557,59.89089332398495,7.434910251995782,179.89984756408677,-55.44449828369735,-2.8754376313915992,9.999256134033203,1408.910410404205,1419.7305533885956,99,True,itd_ild_estimation,39,0.3567152023315429,-57.31131073573416
P0351,barumerli2023,"['sigma_spectral', 'sigma_prior']",0.569,1.0,3.8546679410059217,59.760476292119215,7.443087907880922,98.04443219659548,-24.63387542410504,8.151023114371373,9.93324589729309,1472.6615829467771,1483.450109243393,99,True,itd_ild_estimation,39,0.3386304378509521,-34.98050183268832
