subject,method,RMSE_left,RMSE_right,SE_left,SE_right,RMSE_mean
P0001,barumerli2023,2.007589692025075,2.0190897100783176,0.00825011623522434,0.008309639496715511,2.013339701051696
P0001,SH,0.4627063751770283,0.470299083396226,0.003104356557026058,0.0031558706176836554,0.46650272928662717
P0001,SHMAX,0.2230355090863842,0.22503798988097898,0.0014842104986217469,0.0015010863604454695,0.22403674948368157
P0001,barycentric,0.23052015714072466,0.2314977758699668,0.001546621031520403,0.0015535697607904472,0.23100896650534575
P0006,barumerli2023,2.02186987169787,2.00717472720252,0.008365893762925158,0.008268344071117205,2.014522299450195
P0006,SH,0.5166091831735333,0.5084046665565646,0.003466335852988958,0.003411317548514148,0.5125069248650489
P0006,SHMAX,0.23868104402200754,0.23554010922243657,0.0015916063488818234,0.001572050289370862,0.23711057662222207
P0006,barycentric,0.2464001823981676,0.24416320394835597,0.0016535490624388714,0.00163855227731561,0.2452816931732618
P0019,barumerli2023,1.9776392596410832,1.9767471876751503,0.008158264649082347,0.008191150936642537,1.9771932236581167
P0019,SH,0.4802345015987981,0.48634202741266375,0.00322244074585937,0.0032631492909739675,0.4832882645057309
P0019,SHMAX,0.23169063541562984,0.2300209500119473,0.001545916850692213,0.0015331434839485542,0.2308557927137886
P0019,barycentric,0.23470296987774722,0.235632279706764,0.0015750801290297144,0.0015811281464276415,0.23516762479225561
P0031,barumerli2023,2.010976662300467,2.021041911660293,0.008309493242195612,0.00837842689600506,2.01600928698038
P0031,SH,0.4886897912152274,0.5000253410433144,0.003278805954374561,0.0033549474152757045,0.4943575661292709
P0031,SHMAX,0.22880095383307553,0.2299241711331682,0.0015255237889165584,0.0015325077824338428,0.22936256248312187
P0031,barycentric,0.23392100140810768,0.23391264691884198,0.0015697241858488578,0.001569693682580674,0.2339168241634748
P0043,barumerli2023,1.9905439474414992,1.9982498624133251,0.008152488816079342,0.008156466617634922,1.9943969049274122
P0043,SH,0.4460378519548673,0.4649151447127981,0.002992873259632669,0.0031193273815887444,0.4554764983338327
P0043,SHMAX,0.21688842195055044,0.21896442049064196,0.0014471967823404307,0.001458890207656593,0.2179264212205962
P0043,barycentric,0.22158014693990233,0.22363433881563055,0.0014870014257223358,0.0015006880523102928,0.22260724287776645
P0124,barumerli2023,2.031751820246455,2.0705709023443895,0.008383866318456877,0.00850678522870443,2.0511613612954225
P0124,SH,0.5116048731422342,0.5122025722492425,0.003432668732747216,0.003436729515070894,0.5119037226957384
P0124,SHMAX,0.24282502869411027,0.23490834240672687,0.0016183861510544646,0.0015653756591897466,0.23886668555041857
P0124,barycentric,0.25034598980467043,0.24381915994094322,0.0016800058901100777,0.001636116855515345,0.24708257487280683
P0172,barumerli2023,2.0485147059577504,2.027264775293016,0.00843347999814719,0.008345873443400027,2.037889740625383
P0172,SH,0.49152263459976675,0.4945067420053464,0.003297851006323705,0.0033179643692827685,0.49301468830255657
P0172,SHMAX,0.22954545182999,0.23046925528419301,0.0015289178632612592,0.0015366602394252284,0.2300073535570915
P0172,barycentric,0.2362091818107915,0.23708628118456523,0.0015848897466446163,0.0015909759038987097,0.23664773149767837
P0181,barumerli2023,2.0693884345646456,2.0848570380428066,0.008475580907398675,0.008542033201071688,2.077122736303726
P0181,SH,0.4761487988057088,0.47708151810156185,0.00319439348878898,0.0032008484787500566,0.47661515845363533
P0181,SHMAX,0.24004326202515078,0.24163755390978928,0.001599582759041176,0.0016094142806674994,0.24084040796747003
P0181,barycentric,0.24562957719854372,0.24621159537543924,0.0016482774252335694,0.0016521633954474492,0.24592058628699148
P0015,barumerli2023,2.037222813369423,2.028515188210431,0.00838783780684646,0.008325785609364582,2.032869000789927
P0015,SH,0.488180298375513,0.4851343526541342,0.003275622739285913,0.003255276894050719,0.4866573255148236
P0015,SHMAX,0.23316388094900167,0.22151386232797116,0.0015545743580655134,0.0014750363585321795,0.22733887163848643
P0015,barycentric,0.23957125486940084,0.2293169110047324,0.0016076873660998995,0.0015387321517229874,0.23444408293706662
P0107,barumerli2023,1.9568746115284974,1.9812101259975123,0.008079334667676357,0.00814748215119403,1.969042368763005
P0107,SH,0.49767503699136556,0.48553226970992297,0.0033393356822991843,0.003257748986256,0.49160365335064427
P0107,SHMAX,0.232139939673091,0.23208067324016013,0.0015486258992278212,0.001548227070212215,0.23211030645662556
P0107,barycentric,0.23899323927019123,0.23870259225632529,0.0016038425603446692,0.0016017266729741915,0.23884791576325826
P0155,barumerli2023,2.0150953207424793,2.033493393607256,0.008331251884890478,0.008418844633855688,2.0242943571748677
P0155,SH,0.49515903621686147,0.5101438668543952,0.0033223782298209934,0.0034229129350023665,0.5026514515356283
P0155,SHMAX,0.23277311921789254,0.23425000129201737,0.0015498700134598026,0.0015607531846819882,0.23351156025495495
P0155,barycentric,0.2414231297863026,0.24242299808885936,0.0016200576410690369,0.0016267148998110735,0.24192306393758098
P0204,barumerli2023,1.9531630903857644,1.9649708766157907,0.008076662126258929,0.008091291790419158,1.9590669835007777
P0204,SH,0.5094865173935275,0.5028742978422961,0.0034186219929013863,0.003374321975708071,0.5061804076179117
P0204,SHMAX,0.24867791711683532,0.22997872964022006,0.001660425784316333,0.0015350702917563033,0.2393283233785277
P0204,barycentric,0.25270061224835233,0.23673344168064667,0.0016958626695154425,0.0015887041519125106,0.24471702696449948
P0213,barumerli2023,2.006597113514095,1.9874789933974126,0.008285913466089754,0.008176518494847676,1.997038053455754
P0213,SH,0.5112901785293467,0.4961027201916044,0.003430735270703323,0.0033287293044063256,0.5036964493604755
P0213,SHMAX,0.24081549538580418,0.23310089719207885,0.001607944130467309,0.0015559702345059748,0.23695819628894152
P0213,barycentric,0.2485239235605967,0.24392673608848908,0.0016678301837144654,0.0016369792085958333,0.24622532982454287
P0224,barumerli2023,2.037027413353339,1.9833600088696186,0.008437454051427354,0.008197594778324085,2.0101937111114787
P0224,SH,0.5015333270525986,0.4947321506963351,0.003365249068695598,0.0033194110847089005,0.49813273887446685
P0224,SHMAX,0.23953819421115866,0.2431879427989802,0.0015977404980056298,0.0016218221683533926,0.24136306850506944
P0224,barycentric,0.24439626150711757,0.24889063065716105,0.0016401281105491426,0.0016700201259347456,0.2466434460821393
P0225,barumerli2023,2.050608715765185,2.0183110684343823,0.008450171378086693,0.00829071022678988,2.0344598920997834
P0225,SH,0.4976161778628572,0.48569609515099293,0.003338676360290446,0.0032584284359507424,0.4916561365069251
P0225,SHMAX,0.24204110914127067,0.2423694531243358,0.0016133001713096338,0.0016154643986399505,0.24220528113280324
P0225,barycentric,0.24882398415718907,0.24910147088868945,0.0016697069378627252,0.0016713623068532503,0.24896272752293924
P0228,barumerli2023,2.067225850936301,2.0464458315279126,0.008522020730739118,0.008445799549416197,2.0568358412321066
P0228,SH,0.5038803119045947,0.5071239647291474,0.0033812073602313454,0.0034025238925026267,0.5055021383168711
P0228,SHMAX,0.2480927009458248,0.2422611234206311,0.0016572163955477248,0.0016153277656410243,0.24517691218322796
P0228,barycentric,0.25375827620740554,0.2495347939570923,0.0017027846156071396,0.0016744299867269585,0.25164653508224893
P0239,barumerli2023,2.089246218832848,2.0028598017665225,0.008584500790284551,0.008266701462498211,2.0460530102996852
P0239,SH,0.506311275014403,0.5098692223660543,0.003397315097930545,0.00342123612082548,0.5080902486902286
P0239,SHMAX,0.23442244757456207,0.22919656227342944,0.0015625986415545446,0.0015289247074304047,0.23180950492399577
P0239,barycentric,0.2426354084764414,0.23780992592239167,0.0016283122907001168,0.001595919131657575,0.24022266719941654
P0243,barumerli2023,2.035629272149722,2.0320993737904787,0.008438910153495294,0.008366446621731024,2.0338643229701003
P0243,SH,0.500094573682394,0.5012739042385941,0.003355695821497783,0.0033635858569807755,0.500684238960494
P0243,SHMAX,0.24096272949683137,0.23859488212199298,0.0016095427453778203,0.001590875924464626,0.2397788058094122
P0243,barycentric,0.24914179675680453,0.24717716921662283,0.0016719246568916524,0.0016586599177662214,0.2481594829867137
P0244,barumerli2023,2.1315706691912393,2.04383274675903,0.008756472850305005,0.008393970726418674,2.0877017079751345
P0244,SH,0.4891808981107379,0.48398398527233594,0.0032822072071497406,0.0032472897848165737,0.4865824416915369
P0244,SHMAX,0.23238243753645108,0.23132262274853294,0.0015494070618890187,0.0015401970431222157,0.23185253014249202
P0244,barycentric,0.23911713770754164,0.2352858902105545,0.0016046813607712826,0.0015786323761517675,0.23720151395904807
P0250,barumerli2023,2.0270225985527763,2.0169640013406065,0.008355489975576837,0.008266626149077281,2.0219932999466916
P0250,SH,0.4623149746459683,0.45873248975537556,0.0031018849869627304,0.003077921162978026,0.46052373220067194
P0250,SHMAX,0.21907070212436863,0.21872158052129467,0.0014597699226271028,0.0014572734887674198,0.21889614132283164
P0250,barycentric,0.22255322248676268,0.22329735138169565,0.0014934626726789248,0.0014985253687719038,0.22292528693422917
P0003,barumerli2023,2.1239565058810275,2.1191865285401676,0.008726801513530754,0.008731624460967601,2.1215715172105973
P0003,SH,0.49182704584559245,0.5013392810012106,0.0032996585150384308,0.003364063120748513,0.49658316342340153
P0003,SHMAX,0.23412999385354039,0.23672682537285133,0.0015602907791003563,0.0015791681244591669,0.23542840961319586
P0003,barycentric,0.2427747067123076,0.24355365660905887,0.0016292496602246928,0.0016344774249157684,0.24316418166068324
P0259,barumerli2023,2.0665730568733,1.987622050939271,0.008519118889955551,0.008204938638847421,2.0270975539062857
P0259,SH,0.5186941605406395,0.4789753818716741,0.0034805503158169392,0.003214011580296204,0.4988347712061568
P0259,SHMAX,0.23996241992024064,0.2325692867487344,0.0016007997557709968,0.0015516345926636158,0.23626585333448752
P0259,barycentric,0.24984088022891124,0.23704374406698137,0.0016765704110125901,0.0015907819754176302,0.24344231214794632
P0261,barumerli2023,2.079022981592429,1.9989436886121854,0.00859915001776071,0.00826550803242267,2.0389833351023072
P0261,SH,0.49178969464504857,0.49633522814949255,0.0032999880851806314,0.0033306544007884863,0.49406246139727056
P0261,SHMAX,0.23887036542476078,0.23956032359012785,0.0015930370760701964,0.0016000362909328323,0.2392153445074443
P0261,barycentric,0.24526135293399454,0.24643907118824246,0.0016458429025387508,0.0016538143686857588,0.2458502120611185
P0005,barumerli2023,2.153370892698816,2.114362427156121,0.008866706817143391,0.008655595428706005,2.1338666599274685
P0005,SH,0.49853385812871837,0.4796067126527122,0.003345043227870459,0.0032181162448553487,0.4890702853907153
P0005,SHMAX,0.2357508482601644,0.22232663749322606,0.0015697314883697253,0.00148148867641569,0.22903874287669523
P0005,barycentric,0.2389580901241058,0.22974186350157,0.0016034913475347812,0.0015417796964643342,0.2343499768128379
P0020,barumerli2023,2.030273613656147,2.0469013128361304,0.008371974075873425,0.008415134763175,2.038587463246139
P0020,SH,0.4874747653169265,0.47399161260660283,0.0032709219705327522,0.0031802946907468358,0.48073318896176465
P0020,SHMAX,0.23068342214862855,0.228025031696486,0.0015377131170155303,0.001519727809234144,0.22935422692255727
P0020,barycentric,0.236041765062372,0.23058454467813452,0.0015840335484195848,0.0015473229265448578,0.23331315487025328
P0238,barumerli2023,2.015444131207335,2.000543677669485,0.008292973723663057,0.008245191030946621,2.00799390443841
P0238,SH,0.48592328201889506,0.4811241258289903,0.0032604540031599067,0.00322850381501411,0.48352370392394267
P0238,SHMAX,0.23087459998339205,0.22256526249750122,0.0015395937211565404,0.0014851075330653246,0.22671993124044665
P0238,barycentric,0.2365829811557916,0.22832882698411144,0.0015876549623036966,0.0015323039074176554,0.23245590406995154
P0271,barumerli2023,2.035468674486345,2.037136561021048,0.008379846841855002,0.008381284473078553,2.0363026177536963
P0271,SH,0.46339587715603847,0.4948326301582245,0.003109088083716782,0.0033203234294934578,0.47911425365713145
P0271,SHMAX,0.21750235284872857,0.22374379605931433,0.0014481758530737036,0.0014880522261908823,0.22062307445402146
P0271,barycentric,0.22331865457184502,0.2304097818942543,0.0014985443470523837,0.0015459056799761947,0.22686421823304964
P0330,barumerli2023,2.021439165335731,2.003481778211979,0.008358283879206514,0.008264012987188304,2.012460471773855
P0330,SH,0.49753201191634483,0.5156722000201699,0.00333826875701856,0.003460302548126064,0.5066021059682574
P0330,SHMAX,0.24159432071924497,0.23283363437728286,0.0016097750518236306,0.001552222287807823,0.2372139775482639
P0330,barycentric,0.24695406449687834,0.23826819113322092,0.0016569873651536616,0.0015989425881380091,0.24261112781504962
P0347,barumerli2023,2.0328217804563424,2.0359317333191598,0.008332839166411345,0.008344494754012477,2.034376756887751
P0347,SH,0.4772359552475556,0.4576703721803152,0.003201915604792833,0.0030705495691976197,0.4674531637139354
P0347,SHMAX,0.2279325272672013,0.2212477346936781,0.001517102184508603,0.0014722265864899938,0.2245901309804397
P0347,barycentric,0.23698338005729302,0.22597411265487047,0.0015902312198381088,0.0015161785891964741,0.23147874635608173
P0348,barumerli2023,2.0509693009163796,1.9939563978372958,0.008494227477076304,0.008202048918793095,2.0224628493768377
P0348,SH,0.5124648382956243,0.49976640068913675,0.0034382828259873154,0.003353269324486659,0.5061156194923805
P0348,SHMAX,0.2327862888846353,0.23207395988774537,0.0015533535086019261,0.0015471927921585481,0.23243012438619032
P0348,barycentric,0.2418424142004556,0.23740695379266052,0.0016227455793127023,0.001593056434039139,0.23962468399655806
P0349,barumerli2023,2.004646352678969,1.988359203760414,0.008267350650293798,0.008193773394920207,1.9965027782196914
P0349,SH,0.4827829284887761,0.4597027492337923,0.003239279479407852,0.0030844318592521554,0.47124283886128415
P0349,SHMAX,0.2363534241801155,0.2172392218458647,0.0015762915798440745,0.0014488193315912615,0.2267963230129901
P0349,barycentric,0.2424296865861511,0.2239533451856416,0.0016269325967039232,0.0015029037759676327,0.23319151588589637
P0350,barumerli2023,2.0303896542093076,1.9796294433049089,0.008380580321540095,0.008177406459673492,2.0050095487571085
P0350,SH,0.49501403258758436,0.511027504483444,0.0033213827220501904,0.0034288047042663142,0.5030207685355141
P0350,SHMAX,0.24521640252031351,0.24372525530611716,0.0016363249228650352,0.00162662265306146,0.24447082891321534
P0350,barycentric,0.25320381321542357,0.25104971863281444,0.0016992392858709061,0.0016847310149739232,0.252126765924119
P0351,barumerli2023,1.9849320261564167,1.9794954373108173,0.008172895769841572,0.008153042261473453,1.982213731733617
P0351,SH,0.4830495089154182,0.4962320118732639,0.003241042248114224,0.003329501203229458,0.489640760394341
P0351,SHMAX,0.24176941283692122,0.2424944166293833,0.0016133656562929352,0.001618902224127131,0.24213191473315226
P0351,barycentric,0.2483129868233151,0.24860054124874523,0.0016664046753059178,0.0016683435529082338,0.24845676403603018
