combo_idx,seed,sigma_motor_true,sigma_motor_recovered,kappa_motor,sigma_spectral_true,sigma_spectral_recovered,sigma_prior_true,sigma_prior_recovered,nll
0,42,7.9,7.16770898453074,64.40090616391328,2.0,3.218420204494747,22.4,37.02621044550442,-86.08490354910711
1,142,14.0,14.488297615419107,16.153245419340863,2.2,4.036519911708567,6.9,13.781033671742968,53.13399550984015
2,242,5.0,4.6850528654921435,150.06168273690457,2.3,2.5760836369632316,42.5,29.489439979474607,-151.0663769429226
3,342,15.2,14.624341600654128,15.863918690743821,2.5,3.794816070162782,58.7,157.26633547485463,46.108275338645264
4,442,13.1,11.366580076797968,25.917398023023857,2.7,3.7697995999081866,18.1,92.90094370147558,15.882791790509378
5,542,16.0,17.026658222393014,11.843799477065737,2.9,4.069087888523459,13.1,21.743099074506798,76.464683742095
6,642,5.4,4.646912970284277,152.52678989893207,3.1,4.086280027905041,20.1,31.00633772299301,-90.79145725917539
7,742,9.5,8.694711394237181,43.929410861124445,3.4,3.9131956479237746,65.3,121.90896758803216,-27.9795657907311
8,842,7.0,7.792276703260869,54.568960218233194,3.6,3.891593489028905,30.9,38.822444809455476,-52.139850672578646
9,942,5.8,5.084137405505139,127.50369481386596,3.9,5.025414343690857,34.3,37.494710466622784,-81.85996041959002
10,1042,14.4,12.821366622327423,20.480882881778967,4.2,5.312627572753015,38.2,129.29535394606935,48.158919127464344
11,1142,11.9,11.362362141514899,25.936259529273002,4.5,8.371113985990915,27.7,40.057861496480754,80.0972003596103
12,1242,9.1,9.15729985660727,39.653523182965124,4.9,4.5492611120258895,14.6,14.706561711384067,13.694801856787967
13,1342,13.6,13.393143322654,18.8132326278235,5.3,8.499209012159769,8.5,14.350694283810345,66.22058701753642
14,1442,11.1,10.876492192453455,28.25805971994761,5.7,6.093466469162766,52.7,41.62141688329409,48.478058435409324
15,1542,12.7,12.445928004655762,21.70320134180838,6.1,8.04244090466442,47.3,55.31158894635228,81.30335818970703
16,1642,6.6,6.758080239193421,72.38136470778593,6.6,7.678102513250988,6.2,7.563957100870323,-56.977878458831796
17,1742,6.2,6.911040816279342,69.2349717412358,7.1,8.053475258814524,7.7,7.448540630129459,-77.49631092976851
18,1842,11.5,13.114965889883498,19.597308800641418,7.7,7.983488643242477,24.9,40.11715989734722,83.49438028028898
19,1942,15.6,15.46554338551653,14.241408598930505,8.3,8.811251619082627,5.0,1.4872772525971618,53.70693810573006
20,2042,12.3,11.719080105883931,24.41238993145246,8.9,13.689357226485273,5.6,12.976410468653912,63.60682636787594
21,2142,9.9,8.984928932598578,41.169791866240075,9.6,11.977252897375273,16.2,19.659375963599416,27.106750499242388
22,2242,8.7,10.170433706499347,32.243794118383974,10.3,24.357217493725166,10.6,15.389079050143863,-2.633332285968231
23,2342,14.8,15.803216173078988,13.661920982938394,11.1,12.49095846264528,80.9,114.07565360164214,135.5554009928035
24,2442,10.7,11.356525175484824,25.962395608179087,12.0,10.000000000000002,90.0,158.11388300841895,89.70539332452893
25,2542,8.3,7.158753420492832,64.56086892185904,12.9,23.581269236306838,11.8,18.340280061859826,-13.376658302100171
26,2642,7.4,6.159291753764981,87.03582200170982,13.9,18.80052261370319,72.7,110.21272060203087,61.260908387626515
27,2742,10.3,10.97228143416888,27.775790847068297,15.0,39.458742951903325,9.5,18.526945855778305,35.52304533404917
