rmsL,rmsL_deg,rmsPmedianlocal,rmsPmedianlocal_deg,querrMiddlebrooks,querr_confusion_count,querr_response_count,accL_cutoff_30_deg,accP_cutoff_30_deg,accL_cutoff_60_deg,accP_cutoff_60_deg,accL_cutoff_90_deg,accP_cutoff_90_deg,participant,method,data_type
0.19127223304302457,10.959091691408036,0.6019715866292438,34.49043130064948,7.207207207207207,8,111,3.8371325947652974,-6.238978894871394,3.8371325947652974,-6.238978894871394,3.8371325947652974,-6.238978894871394,P0001,actual,actual
0.1825856913785045,10.46138951546649,0.6462885746338017,37.02960767404255,11.11111111111111,14,126,-3.1122543066683264,-9.00775627814134,-3.1122543066683264,-9.00775627814134,-3.1122543066683264,-9.00775627814134,P0006,actual,actual
0.16385113406095686,9.387978450125077,0.4767125289359362,27.313615949037278,15.942028985507246,11,69,0.783744229208793,-2.04887228409308,0.783744229208793,-2.04887228409308,0.783744229208793,-2.04887228409308,P0019,actual,actual
0.16441965015089488,9.420552022663806,0.6426557125505364,36.82146000911835,7.352941176470588,5,68,1.2771094336325715,-8.500359219321293,1.2771094336325715,-8.500359219321293,1.2771094336325715,-8.500359219321293,P0031,actual,actual
0.15491200752854936,8.875804227284712,0.36304003874858326,20.800662014559688,9.523809523809524,4,42,-3.0510168846688996,3.4914411013725477,-3.0510168846688996,3.4914411013725477,-3.0510168846688996,3.4914411013725477,P0043,actual,actual
0.274613106963334,15.734172027973678,0.7153671440467598,40.987518156206555,12.962962962962964,7,54,3.0603912627881957,1.8396714002561303,3.0603912627881957,1.8396714002561303,3.0603912627881957,1.8396714002561303,P0124,actual,actual
0.11057283816104961,6.335356955411234,0.5353684996446461,30.67435551388933,0.0,0,48,-0.5527866223853559,11.831354990883266,-0.5527866223853559,11.831354990883266,-0.5527866223853559,11.831354990883266,P0172,actual,actual
0.12659543825619274,7.253384317688846,0.5372634380136855,30.782927484872694,12.5,14,112,2.8840791344267993,-13.032862791835019,2.8840791344267993,-13.032862791835019,2.8840791344267993,-13.032862791835019,P0181,actual,actual
0.1401482467903,8.029903047242076,0.6369311955222249,36.49346934364532,6.349206349206349,4,63,-0.7309073871273746,4.9656026763717325,-0.7309073871273746,4.9656026763717325,-0.7309073871273746,4.9656026763717325,P0015,actual,actual
0.15527959438759514,8.896865402912507,0.5212726848841288,29.866724819313486,15.625,20,128,0.20149854619771077,8.32983363050471,0.20149854619771077,8.32983363050471,0.20149854619771077,8.32983363050471,P0107,actual,actual
0.14791360075855692,8.474825056048363,0.5992122494127826,34.332332923892885,25.6,32,125,1.194364792817166,3.5186461728815894,1.194364792817166,3.5186461728815894,1.194364792817166,3.5186461728815894,P0155,actual,actual
0.2569992643617248,14.724973185893742,0.7078458589089253,40.55658026129416,17.56756756756757,13,74,13.270405280016288,10.857779285924863,13.270405280016288,10.857779285924863,13.270405280016288,10.857779285924863,P0204,actual,actual
0.261608638880382,14.989070892007943,0.6411378961832972,36.73449553719966,12.962962962962964,7,54,3.9983528612827044,-13.275732128838191,3.9983528612827044,-13.275732128838191,3.9983528612827044,-13.275732128838191,P0213,actual,actual
0.23116919091828605,13.245018993071751,0.5956033669656329,34.12555919091236,9.565217391304348,11,115,9.67734914785321,-13.042232878314575,9.67734914785321,-13.042232878314575,9.67734914785321,-13.042232878314575,P0224,actual,actual
0.1595603745426832,9.14213603882241,0.5278612696900197,30.24422292165505,19.718309859154928,14,71,4.417455109689481,16.363453641143728,4.417455109689481,16.363453641143728,4.417455109689481,16.363453641143728,P0225,actual,actual
0.36581626517553356,20.959728071796626,0.4868591185288785,27.894972709164232,0.0,0,41,13.75100621205227,-1.7945945644407335,13.75100621205227,-1.7945945644407335,13.75100621205227,-1.7945945644407335,P0228,actual,actual
0.27474234532268965,15.74157684051595,0.66901179255477,38.33155215787007,35.55555555555556,16,45,9.342555877613933,25.731781911616235,9.342555877613933,25.731781911616235,9.342555877613933,25.731781911616235,P0239,actual,actual
0.24449734348965177,14.008665884117441,0.6574674996599703,37.67011289753518,18.181818181818183,18,99,7.978702813131138,-17.05105228208991,7.978702813131138,-17.05105228208991,7.978702813131138,-17.05105228208991,P0243,actual,actual
0.5111566838420671,29.287120654053407,0.4903498080031749,28.09497448363216,14.814814814814815,12,81,16.13761958856966,3.804057683285235,16.13761958856966,3.804057683285235,16.13761958856966,3.804057683285235,P0244,actual,actual
0.3349749220584472,19.19264927667273,0.7573979692816544,43.39570705161797,27.551020408163264,27,98,5.7752788937045505,-0.6426768517994607,5.7752788937045505,-0.6426768517994607,5.7752788937045505,-0.6426768517994607,P0250,actual,actual
0.15945221108998467,9.135938729485222,0.5329199315813993,30.53406289801477,9.375,3,32,2.6243591707065357,-5.101598543634368,2.6243591707065357,-5.101598543634368,2.6243591707065357,-5.101598543634368,P0003,actual,actual
0.24006546078053081,13.754737709587806,0.5583134935614321,31.989006826274522,10.526315789473685,4,38,10.791258264056069,-2.911881503144535,10.791258264056069,-2.911881503144535,10.791258264056069,-2.911881503144535,P0259,actual,actual
0.37540157294017157,21.508925752044362,0.7610296763010259,43.60378853625599,18.75,6,32,6.311892335452761,-7.414474698252818,6.311892335452761,-7.414474698252818,6.311892335452761,-7.414474698252818,P0261,actual,actual
0.11846117329646527,6.787325266055309,0.746555452820353,42.774476619084275,29.41176470588235,10,34,0.3934493882262432,0.9059245266304969,0.3934493882262432,0.9059245266304969,0.3934493882262432,0.9059245266304969,P0005,actual,actual
0.19517452201472893,11.182676379927141,0.5005653036203823,28.680279268132534,10.81081081081081,4,37,2.583003136919923,9.569408910539988,2.583003136919923,9.569408910539988,2.583003136919923,9.569408910539988,P0020,actual,actual
0.24771800052404722,14.19319593944742,0.6898051491039057,39.52292373004626,43.58974358974359,17,39,-6.894887675018277,5.2870229077463,-6.894887675018277,5.2870229077463,-6.894887675018277,5.2870229077463,P0238,actual,actual
0.1811583911234568,10.37961123475431,0.4533456102850215,25.97479013011434,7.142857142857143,2,28,-3.8127866572816735,1.9121589504958827,-3.8127866572816735,1.9121589504958827,-3.8127866572816735,1.9121589504958827,P0271,actual,actual
0.3992635979822533,22.876119077591124,0.6813269932988768,39.03716118436376,30.0,6,20,-16.834229004263893,18.016240874650897,-16.834229004263893,18.016240874650897,-16.834229004263893,18.016240874650897,P0330,actual,actual
0.21110383605510416,12.095358844979126,0.5794095127246869,33.197719688856125,32.432432432432435,12,37,6.931605672082154,-10.920812213129663,6.931605672082154,-10.920812213129663,6.931605672082154,-10.920812213129663,P0347,actual,actual
0.1792353869930692,10.269431214096876,0.6220768201595236,35.64237632805943,6.896551724137931,2,29,1.8606882132974973,-16.561558630835687,1.8606882132974973,-16.561558630835687,1.8606882132974973,-16.561558630835687,P0348,actual,actual
0.2041643543681289,11.69775583230712,0.6378697575966449,36.54724498932063,0.0,0,27,5.000698599221828,2.2107950585987233,5.000698599221828,2.2107950585987233,5.000698599221828,2.2107950585987233,P0349,actual,actual
0.21495644852547646,12.31609727963093,0.6055635628889168,34.696236380439935,16.3265306122449,8,49,9.411654291214461,13.93928794524057,9.411654291214461,13.93928794524057,9.411654291214461,13.93928794524057,P0350,actual,actual
0.1453965620482934,8.330609361079212,0.28220270161620475,16.16902376979823,2.5641025641025643,1,39,-3.7422629302095043,4.776312836115743,-3.7422629302095043,4.776312836115743,-3.7422629302095043,4.776312836115743,P0351,actual,actual
0.2276751150568493,13.044823192912887,0.4962773704556707,28.434598794960383,8.715925394548064,243,2788,-0.180215004224228,-2.1107122918694388,-0.180215004224228,-2.1107122918694388,-0.180215004224228,-2.1107122918694388,P0001,SHMAX,synthetic
0.22934391720717215,13.140438512968743,0.46521687588879035,26.654963546689117,6.928645294725957,201,2901,-0.29354346333646175,-1.8315350863179474,-0.29354346333646175,-1.8315350863179474,-0.29354346333646175,-1.8315350863179474,P0001,SH,synthetic
0.22821216239318287,13.075593738683544,0.5196505204078163,29.77378164114473,11.033762617473025,317,2873,-0.2517261145921271,-1.715340900249622,-0.2517261145921271,-1.715340900249622,-0.2517261145921271,-1.715340900249622,P0001,barycentric,synthetic
0.24820244498520228,14.220952562480095,0.641986302939859,36.78310566366104,20.96494272821937,604,2881,1.3135412606424326,0.2999645831842034,1.3135412606424326,0.2999645831842034,1.3135412606424326,0.2999645831842034,P0001,barumerli2023,synthetic
0.10656461882685592,6.105702904199198,0.5332137098338958,30.55089515199555,21.199059561128525,541,2552,-0.47379377476224893,3.3722808401301325,-0.47379377476224893,3.3722808401301325,-0.47379377476224893,3.3722808401301325,P0006,SHMAX,synthetic
0.11196585712837968,6.415171063020919,0.6058974372990017,34.71536597502522,23.22729014948256,606,2609,-0.441075366168923,5.662495749624847,-0.441075366168923,5.662495749624847,-0.441075366168923,5.662495749624847,P0006,SH,synthetic
0.11315721010048566,6.483430560232958,0.6506074819880073,37.277062837546545,29.58946553059644,764,2582,-0.3647335498703447,5.155972955400965,-0.3647335498703447,5.155972955400965,-0.3647335498703447,5.155972955400965,P0006,barycentric,synthetic
0.11464006792078764,6.568392054954231,0.6033552429096853,34.56970896581556,24.563445867287545,633,2577,-0.548397854084099,5.288862468451302,-0.548397854084099,5.288862468451302,-0.548397854084099,5.288862468451302,P0006,barumerli2023,synthetic
0.16997304370847371,9.738738035488215,0.5074884518163911,29.07694644070745,15.773809523809524,424,2688,0.08236813652581952,3.2621331456030345,0.08236813652581952,3.2621331456030345,0.08236813652581952,3.2621331456030345,P0019,SHMAX,synthetic
0.16958352371287258,9.716420183704315,0.49226321480548374,28.204604617896077,13.945827232796486,381,2732,0.31569880299587055,3.9921025358616897,0.31569880299587055,3.9921025358616897,0.31569880299587055,3.9921025358616897,P0019,SH,synthetic
0.1677752094513661,9.612811408486676,0.4636729542689204,26.566503353971566,13.372093023255815,368,2752,-0.06828547291327293,3.85770393993846,-0.06828547291327293,3.85770393993846,-0.06828547291327293,3.85770393993846,P0019,barycentric,synthetic
0.1782375887354293,10.212261585128603,0.6130523925695801,35.12531471463425,22.206095791001452,612,2756,-0.3944494982846851,3.9059215264986427,-0.3944494982846851,3.9059215264986427,-0.3944494982846851,3.9059215264986427,P0019,barumerli2023,synthetic
0.14726048269304864,8.43740414737099,0.6737260896283365,38.601661483556306,28.153846153846153,732,2600,0.07769681519224349,4.474470604329793,0.07769681519224349,4.474470604329793,0.07769681519224349,4.474470604329793,P0031,SHMAX,synthetic
0.14293573719508482,8.189614482869459,0.6343030722573192,36.34288897252608,19.79903237811686,532,2687,-0.08088873723456676,4.371327100747517,-0.08088873723456676,4.371327100747517,-0.08088873723456676,4.371327100747517,P0031,SH,synthetic
0.14204545654073059,8.138605158792817,0.6030720498478307,34.5534831985839,16.56441717791411,432,2608,0.2651580145901524,5.797047498040868,0.2651580145901524,5.797047498040868,0.2651580145901524,5.797047498040868,P0031,barycentric,synthetic
0.15008046657806387,8.598977322277268,0.7009868595555486,40.163588546662716,29.988510149368057,783,2611,0.3118239571194274,2.625986357191387,0.3118239571194274,2.625986357191387,0.3118239571194274,2.625986357191387,P0031,barumerli2023,synthetic
0.16515644983437333,9.462767534873695,0.558928809507321,32.02426183304106,13.864306784660767,376,2712,0.36391021769050785,1.3458529995125605,0.36391021769050785,1.3458529995125605,0.36391021769050785,1.3458529995125605,P0043,SHMAX,synthetic
0.16623134225511133,9.524354334012584,0.5350008704402737,30.653291912053042,12.48630887185104,342,2739,0.5463479837090682,-0.21460453340771996,0.5463479837090682,-0.21460453340771996,0.5463479837090682,-0.21460453340771996,P0043,SH,synthetic
0.16788338194917585,9.619009236070564,0.5817710453299993,33.333025540323064,16.111314536799707,440,2731,0.39294369859433304,0.8517806422653871,0.39294369859433304,0.8517806422653871,0.39294369859433304,0.8517806422653871,P0043,barycentric,synthetic
0.1741850616878692,9.980068888940798,0.5377920932699722,30.813217199875332,15.202702702702704,405,2664,-0.4151164617449226,2.293709075116881,-0.4151164617449226,2.293709075116881,-0.4151164617449226,2.293709075116881,P0043,barumerli2023,synthetic
0.15066063605114646,8.63221858448723,0.6410665484767734,36.730407614737906,27.170868347338935,679,2499,-0.6210762162284932,6.639351692318257,-0.6210762162284932,6.639351692318257,-0.6210762162284932,6.639351692318257,P0124,SHMAX,synthetic
0.1512890317029018,8.668223003197184,0.6276941706595452,35.964226803756375,19.812426729191092,507,2559,-0.7617962258023875,3.6429247533878164,-0.7617962258023875,3.6429247533878164,-0.7617962258023875,3.6429247533878164,P0124,SH,synthetic
0.152392147225184,8.731426866939321,0.6311902767712457,36.1645389286867,22.764227642276424,588,2583,-0.7175208823089766,4.176664909993828,-0.7175208823089766,4.176664909993828,-0.7175208823089766,4.176664909993828,P0124,barycentric,synthetic
0.15175632129131242,8.694996724423516,0.622075785023059,35.64231701910879,23.314606741573034,581,2492,-0.5069260824329928,5.458864326463277,-0.5069260824329928,5.458864326463277,-0.5069260824329928,5.458864326463277,P0124,barumerli2023,synthetic
0.07555643962386473,4.32906510548247,0.4712092736816107,26.99830264938123,3.4071550255536627,80,2348,-0.01569800717344602,2.5772103432961186,-0.01569800717344602,2.5772103432961186,-0.01569800717344602,2.5772103432961186,P0172,SHMAX,synthetic
0.08775810386481575,5.0281689695246605,0.5926699995596995,33.957489618791136,18.125516102394716,439,2422,0.060704879684681454,3.420423184509279,0.060704879684681454,3.420423184509279,0.060704879684681454,3.420423184509279,P0172,SH,synthetic
0.08810492359264085,5.048040276180915,0.5522085096309193,31.639217013060946,11.951013513513514,283,2368,0.10905081266073219,5.078120623849635,0.10905081266073219,5.078120623849635,0.10905081266073219,5.078120623849635,P0172,barycentric,synthetic
0.09893549588201571,5.668586358073436,0.6158102384893623,35.283327646385146,23.47107438016529,568,2420,0.2897743994757205,4.449835005934759,0.2897743994757205,4.449835005934759,0.2897743994757205,4.449835005934759,P0172,barumerli2023,synthetic
0.10327158134998786,5.917025754996249,0.5846564554714938,33.498347363594945,13.092825293879205,323,2467,0.20806238217351888,4.510271182850739,0.20806238217351888,4.510271182850739,0.20806238217351888,4.510271182850739,P0181,SHMAX,synthetic
0.11079128907207728,6.347873270643906,0.5761400660512045,33.0103941931225,13.648807195932733,349,2557,0.07013739299214254,5.817647028529602,0.07013739299214254,5.817647028529602,0.07013739299214254,5.817647028529602,P0181,SH,synthetic
0.10354526797133926,5.932706843308879,0.5838148979405191,33.45012966885264,13.33869023704299,332,2489,0.2440557813524212,5.067257002790171,0.2440557813524212,5.067257002790171,0.2440557813524212,5.067257002790171,P0181,barycentric,synthetic
0.11511336803855933,6.595510154145593,0.5939101695240638,34.028546123628104,17.88132218239745,449,2511,-0.029368184939694442,6.031761063625491,-0.029368184939694442,6.031761063625491,-0.029368184939694442,6.031761063625491,P0181,barumerli2023,synthetic
0.10648371322464945,6.101067354653803,0.53747083692784,30.794810567329346,10.357142857142858,261,2520,-0.10981846305101035,0.39104842969349396,-0.10981846305101035,0.39104842969349396,-0.10981846305101035,0.39104842969349396,P0015,SHMAX,synthetic
0.11050805398468622,6.33164509552638,0.6402169069620759,36.68172674184664,24.229418650019507,621,2563,0.07431780214959291,1.2057531661845018,0.07431780214959291,1.2057531661845018,0.07431780214959291,1.2057531661845018,P0015,SH,synthetic
0.103165456348177,5.910945240291668,0.5696440175025389,32.63819802777188,8.183306055646481,200,2444,-0.12260069365540867,1.4198967728728633,-0.12260069365540867,1.4198967728728633,-0.12260069365540867,1.4198967728728633,P0015,barycentric,synthetic
0.11378157923470547,6.51920427648199,0.6244740711040954,35.779728689617144,25.707356507679872,636,2474,0.10526975637515494,3.6856200188487818,0.10526975637515494,3.6856200188487818,0.10526975637515494,3.6856200188487818,P0015,barumerli2023,synthetic
0.12543972092743555,7.187166592440926,0.6157101830760363,35.27759489348413,23.846755277560593,610,2558,0.2564253090549026,2.8669551098914656,0.2564253090549026,2.8669551098914656,0.2564253090549026,2.8669551098914656,P0107,SHMAX,synthetic
0.12617459477429857,7.22927176234072,0.6332761442802198,36.284050333574385,24.75095785440613,646,2610,0.20981130206572537,2.7027921669382606,0.20981130206572537,2.7027921669382606,0.20981130206572537,2.7027921669382606,P0107,SH,synthetic
0.12023267470992521,6.888824820448024,0.5473116033326262,31.358644949497723,17.03383162863887,433,2542,0.24198128148372228,2.3615508324303804,0.24198128148372228,2.3615508324303804,0.24198128148372228,2.3615508324303804,P0107,barycentric,synthetic
0.12763419254204186,7.3129005542191265,0.5616546098013672,32.18043868568542,20.023328149300156,515,2572,0.0010112591241857175,3.060204610746324,0.0010112591241857175,3.060204610746324,0.0010112591241857175,3.060204610746324,P0107,barumerli2023,synthetic
0.14333247432478843,8.21234584597761,0.6146639146342945,35.217648127534595,22.131451912365392,596,2693,0.2406385045632367,2.666489896398156,0.2406385045632367,2.666489896398156,0.2406385045632367,2.666489896398156,P0155,SHMAX,synthetic
0.1468391388203668,8.413262921742623,0.6314667492366766,36.18037963410747,23.6983842010772,660,2785,0.28241232686431206,2.199268578873483,0.28241232686431206,2.199268578873483,0.28241232686431206,2.199268578873483,P0155,SH,synthetic
0.14506445238249896,8.31158087889369,0.6361352730451739,36.447866344890706,25.58484961010026,689,2693,0.13113867543912633,2.196589349138219,0.13113867543912633,2.196589349138219,0.13113867543912633,2.196589349138219,P0155,barycentric,synthetic
0.15093594772334182,8.647992781354713,0.5914638059067688,33.88837981320275,20.97130242825607,570,2718,0.679109008033856,1.879216632255075,0.679109008033856,1.879216632255075,0.679109008033856,1.879216632255075,P0155,barumerli2023,synthetic
0.1874802439479018,10.741826720297869,0.6793854070263302,38.9259164853863,30.08336353751359,830,2759,0.44440579980772565,3.439179509551217,0.44440579980772565,3.439179509551217,0.44440579980772565,3.439179509551217,P0204,SHMAX,synthetic
0.1842701803879557,10.557903626344217,0.5731506699802066,32.83911441496133,12.13768115942029,335,2760,0.09528069110641912,1.0218500547874438,0.09528069110641912,1.0218500547874438,0.09528069110641912,1.0218500547874438,P0204,SH,synthetic
0.182897926872057,10.479279291461232,0.5906695754945149,33.84287376261966,15.591985428051002,428,2745,0.08337951959231525,2.39404868542839,0.08337951959231525,2.39404868542839,0.08337951959231525,2.39404868542839,P0204,barycentric,synthetic
0.19029546147653204,10.90312680309963,0.620723974387647,35.56486397499879,19.01953556948028,516,2713,0.5986135808614802,5.076344970736986,0.5986135808614802,5.076344970736986,0.5986135808614802,5.076344970736986,P0204,barumerli2023,synthetic
0.3299574918276017,18.90517170044393,0.5748431373468752,32.93608565203506,12.853812853812855,386,3003,-0.5307264761912385,0.14794481962591688,-0.5307264761912385,0.14794481962591688,-0.5307264761912385,0.14794481962591688,P0213,SHMAX,synthetic
0.34011665261897495,19.4872487371844,0.6078294642721292,34.826062966490866,15.804878048780488,486,3075,-0.34424768370402525,-0.03369811087533465,-0.34424768370402525,-0.03369811087533465,-0.34424768370402525,-0.03369811087533465,P0213,SH,synthetic
0.33105860209106913,18.96826067131915,0.605983551123658,34.72029993373576,15.282954930532023,451,2951,-0.4846712824810163,0.5869831197003207,-0.4846712824810163,0.5869831197003207,-0.4846712824810163,0.5869831197003207,P0213,barycentric,synthetic
0.3458259668887856,19.814368348758368,0.6052972949032894,34.68098034864404,14.783458156952133,454,3071,-1.1760241616249423,1.1060723507811598,-1.1760241616249423,1.1060723507811598,-1.1760241616249423,1.1060723507811598,P0213,barumerli2023,synthetic
0.27688511067133503,15.864348251480209,0.5406552824123461,30.977265853681036,10.969473331096948,327,2981,0.06852537122264551,0.28601279814093816,0.06852537122264551,0.28601279814093816,0.06852537122264551,0.28601279814093816,P0224,SHMAX,synthetic
0.2783470141481146,15.94810915075518,0.516841585233008,29.612841510702374,9.069453809844909,269,2966,0.1658732441521963,0.07125986044543502,0.1658732441521963,0.07125986044543502,0.1658732441521963,0.07125986044543502,P0224,SH,synthetic
0.27538304952870685,15.778286487437017,0.5314317973842014,30.448799089166243,9.996634129922585,297,2971,0.12791607283263326,0.23878259578143407,0.12791607283263326,0.23878259578143407,0.12791607283263326,0.23878259578143407,P0224,barycentric,synthetic
0.2874053975992182,16.467116291714564,0.5762957150793087,33.01931222551818,14.688328912466844,443,3016,0.43295674085653946,4.034644700139085,0.43295674085653946,4.034644700139085,0.43295674085653946,4.034644700139085,P0224,barumerli2023,synthetic
0.14732320299298515,8.440997755847148,0.559194728417615,32.039497864293615,12.90922619047619,347,2688,0.2797577867670958,2.802313934565072,0.2797577867670958,2.802313934565072,0.2797577867670958,2.802313934565072,P0225,SHMAX,synthetic
0.14828703521660244,8.496221274419128,0.5480803049961014,31.402688310519537,13.913986266714854,385,2767,0.09583066310867708,0.8846996587802759,0.09583066310867708,0.8846996587802759,0.09583066310867708,0.8846996587802759,P0225,SH,synthetic
0.14584379580636028,8.35623396787222,0.4820219704462995,27.61782453915266,7.886904761904762,212,2688,0.22354447687853055,1.6781424382052272,0.22354447687853055,1.6781424382052272,0.22354447687853055,1.6781424382052272,P0225,barycentric,synthetic
0.15129719502340713,8.66869072700895,0.4922572135422754,28.204260770842495,9.297052154195011,246,2646,-0.044622886761735155,3.8312777672208336,-0.044622886761735155,3.8312777672208336,-0.044622886761735155,3.8312777672208336,P0225,barumerli2023,synthetic
0.3924898974672793,22.488014626397522,0.47628930455023016,27.289366977949303,0.7618416694269625,23,3019,0.16802649904242298,2.1638637092550277,0.16802649904242298,2.1638637092550277,0.16802649904242298,2.1638637092550277,P0228,SHMAX,synthetic
0.3954595184817833,22.65816137728196,0.4699315532535595,26.92509466145625,1.1589403973509933,35,3020,0.3419619729890109,0.45400450327198694,0.3419619729890109,0.45400450327198694,0.3419619729890109,0.45400450327198694,P0228,SH,synthetic
0.39478873080819316,22.619728074635844,0.4618404347917696,26.461507722055305,0.6937561942517344,21,3027,-0.013561960465898158,1.7074919489484721,-0.013561960465898158,1.7074919489484721,-0.013561960465898158,1.7074919489484721,P0228,barycentric,synthetic
0.3920452552210784,22.462538502296994,0.485950166667699,27.84289360373809,2.3739837398373984,73,3075,0.384630714786999,3.770980047547849,0.384630714786999,3.770980047547849,0.384630714786999,3.770980047547849,P0228,barumerli2023,synthetic
0.33024231949103655,18.921491123447318,0.7178459421419074,41.129542825323576,25.25808671713696,734,2906,-0.24362407569985356,2.3516003668931593,-0.24362407569985356,2.3516003668931593,-0.24362407569985356,2.3516003668931593,P0239,SHMAX,synthetic
0.3371626317843228,19.317995810765122,0.7354505163639141,42.138210628369364,24.64812907655338,718,2913,-0.13036798613522396,2.5422004771313094,-0.13036798613522396,2.5422004771313094,-0.13036798613522396,2.5422004771313094,P0239,SH,synthetic
0.3269244288938524,18.73138999534253,0.713650185428571,40.88914367378572,24.98255408234473,716,2866,0.09714530937241124,2.277725719173843,0.09714530937241124,2.277725719173843,0.09714530937241124,2.277725719173843,P0239,barycentric,synthetic
0.3361293159635036,19.258791175328085,0.7375344651754931,42.25761209999415,23.844282238442823,686,2877,-0.5136609975272491,2.107684234421301,-0.5136609975272491,2.107684234421301,-0.5136609975272491,2.107684234421301,P0239,barumerli2023,synthetic
0.25801314807066383,14.783064443333016,0.5886920303113141,33.72956876982583,15.51901336073998,453,2919,-0.2450954414620002,-1.662296385453684,-0.2450954414620002,-1.662296385453684,-0.2450954414620002,-1.662296385453684,P0243,SHMAX,synthetic
0.2561517781115277,14.676415800562076,0.5345323295725498,30.62644649780307,10.884353741496598,320,2940,-0.038721206904949686,-0.17075856054240363,-0.038721206904949686,-0.17075856054240363,-0.038721206904949686,-0.17075856054240363,P0243,SH,synthetic
0.2596675948205731,14.877857259531954,0.5747873586198987,32.9328897663927,14.572693224378618,428,2937,0.08390169044519638,-0.25346429599093484,0.08390169044519638,-0.25346429599093484,0.08390169044519638,-0.25346429599093484,P0243,barycentric,synthetic
0.26185688780704347,15.003294507774298,0.6241444918656393,35.76084519023847,21.8970736629667,651,2973,-0.10234350814591597,1.856175794518699,-0.10234350814591597,1.856175794518699,-0.10234350814591597,1.856175794518699,P0243,barumerli2023,synthetic
0.4942710585292883,28.31964558919191,0.6870786855944584,39.3667088779585,13.492575855390575,418,3098,0.5610532106068947,0.9104580564869895,0.5610532106068947,0.9104580564869895,0.5610532106068947,0.9104580564869895,P0244,SHMAX,synthetic
0.5036510242859553,28.857078039026167,0.6881168505792384,39.42619135002466,16.735080517840228,530,3167,0.5307892430364082,1.593206456626293,0.5307892430364082,1.593206456626293,0.5307892430364082,1.593206456626293,P0244,SH,synthetic
0.5026243742528081,28.79825532508987,0.683366083640496,39.15399245498443,15.337620578778136,477,3110,0.24080127629661424,1.0112859577155653,0.24080127629661424,1.0112859577155653,0.24080127629661424,1.0112859577155653,P0244,barycentric,synthetic
0.4994332342522902,28.615416471224812,0.6921576474889548,39.65771195882091,14.68215553404324,455,3099,-0.08373641768198935,2.0844727615282888,-0.08373641768198935,2.0844727615282888,-0.08373641768198935,2.0844727615282888,P0244,barumerli2023,synthetic
0.47184517857000485,27.034737315657953,0.6804271411679487,38.985603455075726,15.86384071933205,494,3114,0.4806951417335945,-1.5313885317348235,0.4806951417335945,-1.5313885317348235,0.4806951417335945,-1.5313885317348235,P0250,SHMAX,synthetic
0.46552726714246034,26.67274765552218,0.6708159644372471,38.43492359225218,14.546056991385024,439,3018,0.3241288160309085,-1.8642716332108473,0.3241288160309085,-1.8642716332108473,0.3241288160309085,-1.8642716332108473,P0250,SH,synthetic
0.4729733255696856,27.099375377410006,0.6865357207002514,39.33559928109667,15.060045439792276,464,3081,0.41139831536321153,0.45712674800235387,0.41139831536321153,0.45712674800235387,0.41139831536321153,0.45712674800235387,P0250,barycentric,synthetic
0.443566969098123,25.414515260732255,0.6538377137175738,37.46214148249995,14.99330655957162,448,2988,-0.6822182912204358,-1.4511198634292453,-0.6822182912204358,-1.4511198634292453,-0.6822182912204358,-1.4511198634292453,P0250,barumerli2023,synthetic
0.10369204453196164,5.9411165207639876,0.5895764334424641,33.78024133662888,26.036682615629985,653,2508,-0.10334777685442761,4.1178739239759565,-0.10334777685442761,4.1178739239759565,-0.10334777685442761,4.1178739239759565,P0003,SHMAX,synthetic
0.11047714043205314,6.32987387943075,0.6332278221050694,36.28128167688138,27.341269841269842,689,2520,-0.09429532112765239,2.945784932720192,-0.09429532112765239,2.945784932720192,-0.09429532112765239,2.945784932720192,P0003,SH,synthetic
0.10397750133377795,5.9574719907413645,0.5797449672387883,33.21693981673275,25.02951593860685,636,2541,-0.0657886245231539,3.4662523998778347,-0.0657886245231539,3.4662523998778347,-0.0657886245231539,3.4662523998778347,P0003,barycentric,synthetic
0.11779981827354664,6.749432414482294,0.5920640818246362,33.922773089839886,22.40566037735849,570,2544,-0.00465014281407633,2.3563114270583463,-0.00465014281407633,2.3563114270583463,-0.00465014281407633,2.3563114270583463,P0003,barumerli2023,synthetic
0.28131341374563146,16.118071328042202,0.5481275461122173,31.405395027092464,10.602006688963211,317,2990,0.3918743435475267,0.27867780902632866,0.3918743435475267,0.27867780902632866,0.3918743435475267,0.27867780902632866,P0259,SHMAX,synthetic
0.28111685613596077,16.106809406576893,0.5543360208244086,31.761114425314727,12.321487877781468,371,3011,0.3648428692766149,0.43810378933558053,0.3648428692766149,0.43810378933558053,0.3648428692766149,0.43810378933558053,P0259,SH,synthetic
0.2802919678875067,16.059546791370536,0.5623810024014324,32.22205791593869,12.389979688557888,366,2954,-0.18025917715482562,0.5917201685904678,-0.18025917715482562,0.5917201685904678,-0.18025917715482562,0.5917201685904678,P0259,barycentric,synthetic
0.28125238114098133,16.11457441738306,0.5067939465733713,29.037154221432704,7.99462546187437,238,2977,0.1319177530826182,1.5964636041723745,0.1319177530826182,1.5964636041723745,0.1319177530826182,1.5964636041723745,P0259,barumerli2023,synthetic
0.41101173052699896,23.54923748956534,0.6860220671683471,39.30616910158657,21.541438245727186,668,3101,0.09705076736082606,-2.3686932811197967,0.09705076736082606,-2.3686932811197967,0.09705076736082606,-2.3686932811197967,P0261,SHMAX,synthetic
0.4094785401020372,23.461392149025162,0.6598365711210666,37.8058506936209,20.936902485659655,657,3138,0.39890239914504255,0.13302277551608044,0.39890239914504255,0.13302277551608044,0.39890239914504255,0.13302277551608044,P0261,SH,synthetic
0.40523160173332806,23.218060504645955,0.6628123976900596,37.97635299658709,18.01040312093628,554,3076,0.5393087850079363,-0.30668609048314,0.5393087850079363,-0.30668609048314,0.5393087850079363,-0.30668609048314,P0261,barycentric,synthetic
0.40955638882633155,23.465852552367707,0.6157595874840261,35.28042555755129,13.584288052373159,415,3055,-0.056853672127481346,-1.6113957120749884,-0.056853672127481346,-1.6113957120749884,-0.056853672127481346,-1.6113957120749884,P0261,barumerli2023,synthetic
0.14990620434815935,8.588992831975201,0.6593679623684511,37.779001389853136,26.867469879518072,669,2490,-0.7841627330174288,6.32381184417045,-0.7841627330174288,6.32381184417045,-0.7841627330174288,6.32381184417045,P0005,SHMAX,synthetic
0.15746615131494016,9.022145886514469,0.6674037993186336,38.23942093195387,19.46064139941691,534,2744,-0.32711689904441704,3.331522825039259,-0.32711689904441704,3.331522825039259,-0.32711689904441704,3.331522825039259,P0005,SH,synthetic
0.15191215240092606,8.70392518932122,0.6456595638982678,36.99356801362804,21.0795902285264,535,2538,-0.704639897239361,7.037506567764675,-0.704639897239361,7.037506567764675,-0.704639897239361,7.037506567764675,P0005,barycentric,synthetic
0.16400754813130478,9.396940316212476,0.6511876944495835,37.310306562815754,24.778077962176766,642,2591,-0.47949675530197766,7.576337886005833,-0.47949675530197766,7.576337886005833,-0.47949675530197766,7.576337886005833,P0005,barumerli2023,synthetic
0.13425810825219198,7.69242296826113,0.5635061599230157,32.28652469321281,13.0078125,333,2560,-0.21787592348702453,6.2459460493280154,-0.21787592348702453,6.2459460493280154,-0.21787592348702453,6.2459460493280154,P0020,SHMAX,synthetic
0.1360913305543897,7.7974588690863165,0.5677900571565058,32.531973924559566,12.906976744186046,333,2580,-0.3014493593198494,3.7291305719719166,-0.3014493593198494,3.7291305719719166,-0.3014493593198494,3.7291305719719166,P0020,SH,synthetic
0.13595434349430308,7.789610088695447,0.5745570053036535,32.919691493575,11.929133858267717,303,2540,-0.36704145984744985,4.372127540391703,-0.36704145984744985,4.372127540391703,-0.36704145984744985,4.372127540391703,P0020,barycentric,synthetic
0.1359906782658116,7.791691917752457,0.5677891379454878,32.53192125764775,14.646869983948635,365,2492,-0.33547758898225744,5.24497500189541,-0.33547758898225744,5.24497500189541,-0.33547758898225744,5.24497500189541,P0020,barumerli2023,synthetic
0.2971003580423172,17.02259660765042,0.6466049579552212,37.04773510306822,19.676642586859305,572,2907,-0.5676984537011488,-1.4888015489249564,-0.5676984537011488,-1.4888015489249564,-0.5676984537011488,-1.4888015489249564,P0238,SHMAX,synthetic
0.30019029161899463,17.1996367605698,0.6878403534680827,39.410349232507876,24.242424242424242,712,2937,-0.4855300323054776,-2.31735961832104,-0.4855300323054776,-2.31735961832104,-0.4855300323054776,-2.31735961832104,P0238,SH,synthetic
0.29516658979693533,16.91179984863362,0.6747351111974281,38.659474160902924,25.431764307483913,751,2953,-0.27804199366317434,-2.8515901278258617,-0.27804199366317434,-2.8515901278258617,-0.27804199366317434,-2.8515901278258617,P0238,barycentric,synthetic
0.29791424653075693,17.0692289830323,0.6118906684825778,35.05875282749033,14.549895324494068,417,2866,0.21049279221654157,0.7354898214585698,0.21049279221654157,0.7354898214585698,0.21049279221654157,0.7354898214585698,P0238,barumerli2023,synthetic
0.18099961184465166,10.370513852204645,0.5584441030983576,31.996490201504507,13.47985347985348,368,2730,-0.20071664997978284,-3.1791773685843387,-0.20071664997978284,-3.1791773685843387,-0.20071664997978284,-3.1791773685843387,P0271,SHMAX,synthetic
0.18242520195641626,10.45219414892434,0.5333198279164562,30.556975270256277,13.877846042645464,384,2767,0.05544319193626607,-3.2446669324531405,0.05544319193626607,-3.2446669324531405,0.05544319193626607,-3.2446669324531405,P0271,SH,synthetic
0.1843570019817801,10.562878137240952,0.5125693117923436,29.368058273626463,12.17485549132948,337,2768,-0.12303826460544748,-2.403738988503691,-0.12303826460544748,-2.403738988503691,-0.12303826460544748,-2.403738988503691,P0271,barycentric,synthetic
0.1848047393588814,10.588531599279115,0.4820446226809483,27.619122416594575,10.393873085339168,285,2742,-1.0089671049869402,-1.7548321495963777,-1.0089671049869402,-1.7548321495963777,-1.0089671049869402,-1.7548321495963777,P0271,barumerli2023,synthetic
0.5512578597652168,31.584748787961516,0.7340399886751934,42.057393344919326,17.878001297858532,551,3082,0.32752766506649966,2.2394408591335937,0.32752766506649966,2.2394408591335937,0.32752766506649966,2.2394408591335937,P0330,SHMAX,synthetic
0.5621198086216682,32.20709261472313,0.7388600177442864,42.33356066770873,18.110483364720654,577,3186,0.2564917846048583,0.019126110681979072,0.2564917846048583,0.019126110681979072,0.2564917846048583,0.019126110681979072,P0330,SH,synthetic
0.5575137995746565,31.94318773593029,0.7221863726504334,41.37823117473194,17.57056771328893,554,3153,-0.31029025483634226,1.4824004282402596,-0.31029025483634226,1.4824004282402596,-0.31029025483634226,1.4824004282402596,P0330,barycentric,synthetic
0.5507964391213528,31.5583113324879,0.7109500909875346,40.7344396580276,15.884021430822566,504,3173,-0.25129249225585515,1.5679982003985025,-0.25129249225585515,1.5679982003985025,-0.25129249225585515,1.5679982003985025,P0330,barumerli2023,synthetic
0.33804924734558195,19.368795140475893,0.6884907840440758,39.44761615937855,20.756681707740366,598,2881,-0.21700281166967697,-3.989257573596246,-0.21700281166967697,-3.989257573596246,-0.21700281166967697,-3.989257573596246,P0347,SHMAX,synthetic
0.3444695990826087,19.736654197997012,0.7097117190129864,40.6634861704187,25.81531067627875,752,2913,-0.7052100396653874,-2.7796688846035904,-0.7052100396653874,-2.7796688846035904,-0.7052100396653874,-2.7796688846035904,P0347,SH,synthetic
0.33818278396852947,19.376446225381216,0.6854468249584569,39.273210150762075,20.103986135181977,580,2885,-0.26218918551278225,-3.4562848041953744,-0.26218918551278225,-3.4562848041953744,-0.26218918551278225,-3.4562848041953744,P0347,barycentric,synthetic
0.33733401604766905,19.32781540572982,0.6982234985979804,40.00525962652283,20.893422441083363,594,2843,-0.28561798778167496,0.8510065911076828,-0.28561798778167496,0.8510065911076828,-0.28561798778167496,0.8510065911076828,P0347,barumerli2023,synthetic
0.20134488829653657,11.536212325924549,0.5184813534485699,29.706793308833767,13.90870185449358,390,2804,-0.06801842220148319,1.8903029286818276,-0.06801842220148319,1.8903029286818276,-0.06801842220148319,1.8903029286818276,P0348,SHMAX,synthetic
0.1932376425527443,11.071701361329852,0.526465432110834,30.16424731948195,15.36827195467422,434,2824,0.49724696431527565,1.3201324617326367,0.49724696431527565,1.3201324617326367,0.49724696431527565,1.3201324617326367,P0348,SH,synthetic
0.19945203038565004,11.4277595564128,0.5358107707208174,30.69969577995466,13.559928443649374,379,2795,0.00018345778123282915,0.8356440588937131,0.00018345778123282915,0.8356440588937131,0.00018345778123282915,0.8356440588937131,P0348,barycentric,synthetic
0.20653583946260756,11.83363191939893,0.575278974150435,32.96105726143551,17.572781480182392,501,2851,-0.1149574259479189,2.836682652893208,-0.1149574259479189,2.836682652893208,-0.1149574259479189,2.836682652893208,P0348,barumerli2023,synthetic
0.19124832816042972,10.957722042525594,0.5193227605604701,29.75500238519794,14.295774647887324,406,2840,0.3560116066067857,3.898403565458782,0.3560116066067857,3.898403565458782,0.3560116066067857,3.898403565458782,P0349,SHMAX,synthetic
0.19350412871787498,11.086969893890465,0.47167238662414834,27.024837066426525,10.331452750352609,293,2836,0.5766859762579644,4.4904134325525495,0.5766859762579644,4.4904134325525495,0.5766859762579644,4.4904134325525495,P0349,SH,synthetic
0.18897614806223006,10.827535712605133,0.47488229594424874,27.208751323087984,10.973451327433628,310,2825,0.5424754530751198,3.372041885044226,0.5424754530751198,3.372041885044226,0.5424754530751198,3.372041885044226,P0349,barycentric,synthetic
0.20476839361703364,11.732364731929612,0.5557411343787273,31.841621501713814,14.075114075114076,401,2849,0.9868085433102789,2.7194153587486958,0.9868085433102789,2.7194153587486958,0.9868085433102789,2.7194153587486958,P0349,barumerli2023,synthetic
0.2709497823432799,15.52427898825821,0.6268166042479809,35.91394595213129,14.230225988700566,403,2832,-0.08134994300611269,-0.7527800200640354,-0.08134994300611269,-0.7527800200640354,-0.08134994300611269,-0.7527800200640354,P0350,SHMAX,synthetic
0.2701205643403282,15.476768296392812,0.6323247535009789,36.22953965725622,15.368494586098498,440,2863,0.36719475997336326,0.40756245466310154,0.36719475997336326,0.40756245466310154,0.36719475997336326,0.40756245466310154,P0350,SH,synthetic
0.26769040388906395,15.337530358995764,0.613359737952648,35.14292430793687,16.214335421016006,466,2874,-0.43721708693557104,-0.047888600515411356,-0.43721708693557104,-0.047888600515411356,-0.43721708693557104,-0.047888600515411356,P0350,barycentric,synthetic
0.2705121746049209,15.499205911767975,0.6314112487249534,36.17719968902491,13.517338995046002,382,2826,0.14354625724610265,1.4472187899806193,0.14354625724610265,1.4472187899806193,0.14354625724610265,1.4472187899806193,P0350,barumerli2023,synthetic
0.143208287877709,8.205230486687235,0.3519286366296273,20.164025568670795,3.6954087346024638,99,2679,0.276858690874469,1.7797315973616041,0.276858690874469,1.7797315973616041,0.276858690874469,1.7797315973616041,P0351,SHMAX,synthetic
0.1457433990799184,8.35048165917017,0.38064918374697826,21.809591703801626,4.074074074074074,110,2700,0.0018833415713378062,1.9939304218524496,0.0018833415713378062,1.9939304218524496,0.0018833415713378062,1.9939304218524496,P0351,SH,synthetic
0.14218624774760116,8.146671900739054,0.34185098720369006,19.58661878915215,3.6778227289444647,100,2719,0.260866541859478,1.176134978418332,0.260866541859478,1.176134978418332,0.260866541859478,1.176134978418332,P0351,barycentric,synthetic
0.15200635151387717,8.709322400927194,0.36184873837835146,20.732405531213036,3.6983321247280636,102,2758,0.38221161760082467,0.8052834839208138,0.38221161760082467,0.8052834839208138,0.38221161760082467,0.8052834839208138,P0351,barumerli2023,synthetic
