"","participant","method","params_fitted","sigma_itd","sigma_ild","sigma_spectral","kappa_motor","sigma_motor","sigma_prior","nll","nll_initial","time_grid","time_bads","time_total","n_trials","success","sigma_motor_method","n_trials_motor","time_motor","nll_500","model","N","BIC","delta_BIC"
"1","P0001","SHMAX","['sigma_spectral', 'sigma_prior']",0.569,1,5.20393042971052,23.4696658108125,11.9573443940676,37.4683724432264,184.580694409889,220.097452296754,13.2930068969727,1593.6025698185,1617.19766974449,297,"True","itd_ild_estimation",114,8.66811728477478,192.671541166094,"original",297,402.424278748596,55.7484029997474
"2","P0001","SH","['sigma_spectral', 'sigma_prior']",0.569,1,4.4577509461551,23.4807786524199,11.9544504962109,39.677346045854,183.020869542743,226.253871543319,12.9772460460663,1396.3749127388,1419.79000544548,297,"True","itd_ild_estimation",114,9.08949780464172,181.141423227468,"original",297,379.364042871345,32.6881671224959
"3","P0001","barycentric","['sigma_spectral', 'sigma_prior']",0.569,1,5.5523190143394,23.3476927653366,11.9892462605777,36.4134090995594,183.505603863946,225.709177561672,13.24711561203,1413.92153024673,1437.28497362137,297,"True","itd_ild_estimation",114,8.21687030792236,164.79733966622,"original",297,346.675875748849,0
"4","P0001","barumerli2023","['sigma_spectral', 'sigma_prior']",0.569,1,10,23.5362316114261,11.9400413318122,50,265.876457295329,256.280317594382,12.971794128418,1508.20651745796,1531.54575538635,297,"True","itd_ild_estimation",114,8.90816330909729,257.690935014797,"original",297,532.463066446001,185.787190697152
"5","P0003","SHMAX","['sigma_spectral', 'sigma_prior']",0.569,1,17.2202006680726,343.512529620938,3.09362754368562,88.7532319184209,443.382840318529,416.011023500058,9.5430417060852,1413.61292910576,1424.04526257515,99,"True","itd_ild_estimation",36,0.359944820404053,387.670340860316,"original",99,789.126041271037,98.9452630698962
"6","P0003","SH","['sigma_spectral', 'sigma_prior']",0.569,1,25.5528853939098,381.347179522191,2.93594268585132,76.4216736170396,543.34968368122,554.099467088145,10.133015871048,1159.40516018867,1170.31837677956,99,"True","itd_ild_estimation",36,0.293582439422607,466.33248573307,"original",99,946.450331016543,256.269552815403
"7","P0003","barycentric","['sigma_spectral', 'sigma_prior']",0.569,1,15.1625020999723,370.264917054576,2.97961472894264,179.899847564087,498.596645559956,517.144098268989,9.70199990272522,1198.17292189598,1208.64338731766,99,"True","itd_ild_estimation",36,0.357131958007812,459.794201762254,"original",99,933.373763074913,243.192984873772
"8","P0003","barumerli2023","['sigma_spectral', 'sigma_prior']",0.569,1,19.4345378996156,237.294155537896,3.72338506810375,95.3330399384065,357.87819963091,333.430556599143,10.7372677326202,1407.05178141594,1418.62656164169,99,"True","itd_ild_estimation",36,0.325216293334961,338.197709325368,"original",99,690.18077820114,0
"9","P0005","SHMAX","['sigma_spectral', 'sigma_prior']",0.569,1,19.0398308564595,63.1840340820005,7.23695459177118,26.7317792244391,138.727093766937,104.400587105438,8.76359963417053,1311.00802445412,1320.56192827225,99,"True","itd_ild_estimation",39,0.292501449584961,82.7651836230073,"original",99,179.315726796418,13.5544882382093
"10","P0005","SH","['sigma_spectral', 'sigma_prior']",0.569,1,15.8272401966087,60.785466720923,7.37953435330095,140.806645748736,171.566226399038,175.003052365372,13.2257239818573,1409.73655676842,1423.75602293015,99,"True","itd_ild_estimation",39,0.303517580032349,116.402318066517,"original",99,246.589995683437,80.8287571252284
"11","P0005","barycentric","['sigma_spectral', 'sigma_prior']",0.569,1,15.2742523329985,64.877317504115,7.14113539824928,24.7555256701796,141.990956236348,168.654218355183,12.9520077705383,1344.20746421814,1357.94834518433,99,"True","itd_ild_estimation",39,0.296173572540283,75.9879395039026,"original",99,165.761238558209,0
"12","P0005","barumerli2023","['sigma_spectral', 'sigma_prior']",0.569,1,15.9676801670654,53.9565285987959,7.83679280127483,29.9342456986486,146.979499282768,200.026625558329,9.31058263778686,1346.29953551292,1356.42638158798,99,"True","itd_ild_estimation",39,0.34687328338623,161.883104851047,"original",99,337.551569252497,171.790330694288
"13","P0006","SHMAX","['sigma_spectral', 'sigma_prior']",0.569,1,8.3138044402409,182.797251237409,4.24359511106244,69.5473443508517,812.154122647158,867.66349387609,12.9530115127563,1406.41523432732,1429.8396999836,297,"True","itd_ild_estimation",114,9.2479612827301,725.986623065742,"original",297,1469.05444254789,0
"14","P0006","SH","['sigma_spectral', 'sigma_prior']",0.569,1,10.4629300129606,184.742903072288,4.22112864052032,179.899847564087,879.973758918985,860.080763484511,13.0715765953064,1158.11498475075,1181.48220729828,297,"True","itd_ild_estimation",114,8.68707895278931,813.880532372156,"original",297,1644.84226116072,175.787818612829
"15","P0006","barycentric","['sigma_spectral', 'sigma_prior']",0.569,1,13.1713080232363,181.455269995239,4.25930169464108,179.735583882521,828.961916494998,848.940351674685,13.2843976020813,1107.52077937126,1131.09183740616,297,"True","itd_ild_estimation",114,8.66367149353027,784.560035836051,"original",297,1586.20126808851,117.146825540618
"16","P0006","barumerli2023","['sigma_spectral', 'sigma_prior']",0.569,1,10,175.356453477788,4.33294610317644,50,815.935983438777,842.968074395971,12.0538926124573,1082.64722943306,1104.69581222534,297,"True","itd_ild_estimation",114,8.63833594322205,775.63023903872,"original",297,1568.34167449385,99.2872319459561
"17","P0015","SHMAX","['sigma_spectral', 'sigma_prior']",0.569,1,8.11068653959471,156.923203923793,4.58114358127415,43.8247076631871,582.73998704227,530.759765013688,10.4380602836609,1038.59740281105,1050.21633720398,198,"True","itd_ild_estimation",75,0.645407676696777,507.646945462373,"original",198,1031.15869201683,119.407932636338
"18","P0015","SH","['sigma_spectral', 'sigma_prior']",0.569,1,16.7776621695378,165.517750084759,4.4602476406252,74.6731273641295,654.815506942022,688.660106991001,11.0501220226288,1290.73049068451,1302.89216017723,198,"True","itd_ild_estimation",75,0.626147031784058,601.541284537148,"original",198,1218.94737016638,307.196610785889
"19","P0015","barycentric","['sigma_spectral', 'sigma_prior']",0.569,1,6.81804911990776,159.765632837184,4.54007879516859,20.0420450953758,659.859595017134,559.55397689583,10.2549638748169,1316.97649359703,1328.5508749485,198,"True","itd_ild_estimation",75,0.762520790100098,611.438153478186,"original",198,1238.74110804846,326.990348667965
"20","P0015","barumerli2023","['sigma_spectral', 'sigma_prior']",0.569,1,15.1630348386906,159.46032995975,4.54443666616903,33.924462318147,615.696526730589,656.670719567024,9.19573044776916,1157.19755005836,1167.66865158081,198,"True","itd_ild_estimation",75,0.727479696273804,447.942979144204,"original",198,911.750759380491,0
"21","P0019","SHMAX","['sigma_spectral', 'sigma_prior']",0.569,1,6.59869428017891,43.9799072142931,8.68965987860367,179.887206568189,224.914129787469,252.723417003556,10.0453412532806,1158.20055294037,1170.71556663513,198,"True","itd_ild_estimation",75,0.617138147354126,224.412352168562,"original",198,464.689505429208,0
"22","P0019","SH","['sigma_spectral', 'sigma_prior']",0.569,1,6.34736843840145,44.8810397885418,8.60096840803414,137.896951060762,237.590148251419,255.841877961546,13.8668553829193,1286.96592378616,1302.0046749115,198,"True","itd_ild_estimation",75,0.653689861297607,234.770045771614,"original",198,485.404892635312,20.7153872061043
"23","P0019","barycentric","['sigma_spectral', 'sigma_prior']",0.569,1,5.95863089931438,44.5752624845155,8.63075851645576,179.887206568189,233.741149788317,245.331973996608,11.4148371219635,1220.19581651688,1232.80960607529,198,"True","itd_ild_estimation",75,0.694984674453735,231.599979128982,"original",198,479.064759350047,14.3752539208384
"24","P0019","barumerli2023","['sigma_spectral', 'sigma_prior']",0.569,1,9.1913415812244,44.1449990620444,8.67320579853178,124.441746621153,268.767555729252,276.995640558683,10.0436387062073,1511.661028862,1522.82774186134,198,"True","itd_ild_estimation",75,0.60631537437439,261.40456477966,"original",198,538.673930651403,73.9844252221943
"25","P0020","SHMAX","['sigma_spectral', 'sigma_prior']",0.569,1,8.74350249204029,85.0221410915369,6.23223454123192,42.140923374479,158.075808209176,160.816936557358,14.1579217910767,1467.08335351944,1482.08268070221,99,"True","itd_ild_estimation",39,0.325687646865845,157.788041183199,"original",99,329.361441916803,10.9753558454811
"26","P0020","SH","['sigma_spectral', 'sigma_prior']",0.569,1,8.66694840008823,83.8550885690352,6.27571419364161,54.6903161628569,176.192409866327,170.07834650681,9.42623066902161,1529.33011245728,1539.61922740936,99,"True","itd_ild_estimation",39,0.357108116149902,173.171506298667,"original",99,360.128372147737,41.7422860764156
"27","P0020","barycentric","['sigma_spectral', 'sigma_prior']",0.569,1,8.80754227328926,82.100283956627,6.34283871514529,35.562334940854,154.061573728158,163.478475135904,10.069118976593,1210.122600317,1220.93369293213,99,"True","itd_ild_estimation",39,0.277753353118896,152.300363260459,"original",99,318.386086071322,0
"28","P0020","barumerli2023","['sigma_spectral', 'sigma_prior']",0.569,1,8.28104184257069,88.2200381473426,6.11757309866459,27.435284946745,171.921297389812,176.080412753249,11.271701335907,1293.42670416832,1305.50970053673,99,"True","itd_ild_estimation",39,0.331197261810303,163.003449053107,"original",99,339.792257656618,21.4061715852964
"29","P0031","SHMAX","['sigma_spectral', 'sigma_prior']",0.569,1,17.5468738093204,82.2191613476594,6.33822325870975,104.878923322788,380.921759177802,358.391114492936,12.5538432598114,1365.57855534554,1379.29996776581,198,"True","itd_ild_estimation",75,0.63788890838623,354.340733021471,"original",198,724.546267135025,32.4950151702128
"30","P0031","SH","['sigma_spectral', 'sigma_prior']",0.569,1,11.0549840603675,87.0014452497566,6.16051559105276,175.043547378562,391.88713777204,356.251309712304,12.3760969638824,1112.92440748215,1126.37009072304,198,"True","itd_ild_estimation",75,0.582067012786865,343.013201155692,"original",198,701.891203403468,9.83995143865593
"31","P0031","barycentric","['sigma_spectral', 'sigma_prior']",0.569,1,10,85.7835956207913,6.20434827395521,50,371.264252797287,378.466726338552,11.8648884296417,1261.52528548241,1274.61343383789,198,"True","itd_ild_estimation",75,0.663918018341064,338.093225436364,"original",198,692.051251964812,0
"32","P0031","barumerli2023","['sigma_spectral', 'sigma_prior']",0.569,1,21.6806335052205,83.9177275153986,6.27335736907267,73.5351222809807,417.969746140911,432.620065130625,11.234983921051,1340.63172459602,1353.05811834335,198,"True","itd_ild_estimation",75,0.647689580917358,386.934683453524,"original",198,789.734167999131,97.6829160343192
"33","P0043","SHMAX","['sigma_spectral', 'sigma_prior']",0.569,1,8.81683066775571,54.2269509938296,7.81704262676452,106.527372500771,104.300447619865,96.9920392146499,13.0639481544495,1073.1075694561,1087.08017420769,99,"True","itd_ild_estimation",39,0.349688291549683,83.1766941086923,"original",99,180.138747767788,0
"34","P0043","SH","['sigma_spectral', 'sigma_prior']",0.569,1,8.06833752007683,53.9907492556862,7.83428523476971,55.5443079397282,112.42745119453,107.091974083456,11.8229489326477,1262.81876468658,1275.4628868103,99,"True","itd_ild_estimation",39,0.312609195709229,105.102076897624,"original",99,223.989513345652,43.8507655778633
"35","P0043","barycentric","['sigma_spectral', 'sigma_prior']",0.569,1,10.0846797059266,54.4514048541396,7.8007626711038,75.8578060213404,97.28047792635,108.908292199561,10.8009860515594,1272.15024781227,1283.83262324333,99,"True","itd_ild_estimation",39,0.397021055221558,92.3598778210084,"original",99,198.505115192421,18.3663674246324
"36","P0043","barumerli2023","['sigma_spectral', 'sigma_prior']",0.569,1,7.79832179155484,51.511781545844,8.02241439473524,36.4979857522653,111.45375932306,108.343722834512,10.1524624824524,1201.78775930405,1212.78077554703,99,"True","itd_ild_estimation",39,0.330219984054565,102.189484223727,"original",99,218.164327997857,38.0255802300687
"37","P0107","SHMAX","['sigma_spectral', 'sigma_prior']",0.569,1,9.89138303821392,109.489573741367,5.48825138725007,47.1073414071778,418.111636782276,432.226581000517,10.8957769870758,1217.67682480812,1230.34019398689,297,"True","itd_ild_estimation",114,1.22515916824341,353.247445810323,"original",297,723.576088037054,0
"38","P0107","SH","['sigma_spectral', 'sigma_prior']",0.569,1,11.0981333544766,107.225544676762,5.54616068982591,49.9414033982041,436.578406922372,436.614620815396,11.7625188827515,1441.46586823463,1455.0957326889,297,"True","itd_ild_estimation",114,1.30869197845459,389.069658926203,"original",297,795.220514268815,71.6444262317608
"39","P0107","barycentric","['sigma_spectral', 'sigma_prior']",0.569,1,7.69322436609504,117.731779291501,5.29179816754506,51.3098178706222,468.113789469739,438.049594181684,10.6800222396851,1251.83355212212,1263.99000477791,297,"True","itd_ild_estimation",114,0.906080007553101,410.452162725035,"original",297,837.985521866478,114.409433829424
"40","P0107","barumerli2023","['sigma_spectral', 'sigma_prior']",0.569,1,8.39835707961046,110.987078470935,5.45093024006777,52.4840249459378,444.498882246868,462.000418632738,11.3361976146698,1220.26195645332,1232.9476954937,297,"True","itd_ild_estimation",114,0.868831634521484,387.779024487909,"original",297,792.639245392226,69.0631573551715
"41","P0124","SHMAX","['sigma_spectral', 'sigma_prior']",0.569,1,17.8937269392551,65.8348788541716,7.08860596920272,22.2488886351095,187.205737062114,210.820637010245,10.1104464530945,1343.93474936485,1354.90201497078,99,"True","itd_ild_estimation",39,0.297632932662964,180.767718506366,"original",99,375.320796563136,28.0823075480917
"42","P0124","SH","['sigma_spectral', 'sigma_prior']",0.569,1,11.3252195731345,65.9206772863343,7.08395567047267,18.9521977631315,183.599584882564,206.437960680049,9.77706360816956,1582.46446156502,1593.04949045181,99,"True","itd_ild_estimation",39,0.314595222473144,180.732531845751,"original",99,375.250423241907,28.0119342268626
"43","P0124","barycentric","['sigma_spectral', 'sigma_prior']",0.569,1,14.7510604306634,62.8995661388918,7.25343359167632,22.6897837047257,172.4236485593,206.408791820938,10.2588791847229,1294.42456841469,1305.50090003014,99,"True","itd_ild_estimation",39,0.314277648925781,166.72656473232,"original",99,347.238489015044,0
"44","P0124","barumerli2023","['sigma_spectral', 'sigma_prior']",0.569,1,13.4929208347764,65.3006348176034,7.11776967084182,18.243416681852,192.570605264185,212.276486770984,10.7594780921936,1257.06677389145,1268.68146777153,99,"True","itd_ild_estimation",39,0.361433029174805,187.634759615061,"original",99,389.054878780525,41.8163897654813
"45","P0155","SHMAX","['sigma_spectral', 'sigma_prior']",0.569,1,10.5677498587835,91.048695096419,6.02125622204496,32.7914472811956,313.78528258627,295.571317723617,9.8716733455658,1349.75645303726,1362.61828136444,297,"True","itd_ild_estimation",114,2.44743347167969,283.242189276562,"original",297,583.565574969532,0
"46","P0155","SH","['sigma_spectral', 'sigma_prior']",0.569,1,12.1221601434448,87.5409568117842,6.14139227971854,40.3353098428865,304.355172357835,327.605657004013,10.7819497585297,1274.17892313004,1286.54181981087,297,"True","itd_ild_estimation",114,1.01004266738892,294.952414884553,"original",297,606.986026185514,23.4204512159822
"47","P0155","barycentric","['sigma_spectral', 'sigma_prior']",0.569,1,13.3352143216332,92.7018943492433,5.96702812754946,50,319.522198637854,319.51539490753,10.873194694519,1310.77856230736,1324.89600372314,297,"True","itd_ild_estimation",114,1.1408588886261,287.586628777154,"original",297,592.254453970717,8.68887900118546
"48","P0155","barumerli2023","['sigma_spectral', 'sigma_prior']",0.569,1,10,83.2724561979473,6.29776408261957,50,326.600030317883,443.937420313842,11.6672160625458,972.248398780823,985.397553920746,297,"True","itd_ild_estimation",114,0.943026781082153,328.287137723394,"original",297,673.655471863195,90.0898968936638
"49","P0172","SHMAX","['sigma_spectral', 'sigma_prior']",0.569,1,5.06085195180241,709.782697920065,2.15135921696812,29.0244467146384,380.646566635129,135.742887823683,12.3641369342804,1030.14173436165,1043.41086959839,99,"True","itd_ild_estimation",39,0.34078860282898,150.889522397646,"original",99,315.564404345696,92.0776626704028
"50","P0172","SH","['sigma_spectral', 'sigma_prior']",0.569,1,10,709.782697920065,2.15135921696812,50,199.797025884445,184.971056101729,10.7168772220612,1031.82602143288,1043.50789284706,99,"True","itd_ild_estimation",39,0.41867470741272,104.850691062445,"original",99,223.486741675293,0
"51","P0172","barycentric","['sigma_spectral', 'sigma_prior']",0.569,1,8.19547667801814,709.782697920065,2.15135921696812,44.7332199766275,159.63030772649,172.358600023273,10.7907521724701,1084.97958493233,1096.62741565704,99,"True","itd_ild_estimation",39,0.344752073287964,123.84903155071,"original",99,261.483422651824,37.996680976531
"52","P0172","barumerli2023","['sigma_spectral', 'sigma_prior']",0.569,1,13.3352143216332,709.782697920065,2.15135921696812,50,169.47383279626,140.330707663041,10.9990432262421,1169.99200177193,1181.90549468994,99,"True","itd_ild_estimation",39,0.350892066955566,157.308855200811,"original",99,328.403069952025,104.916328276732
"53","P0181","SHMAX","['sigma_spectral', 'sigma_prior']",0.569,1,9.09880536459621,211.849146472452,3.94115395651006,28.9511164920021,238.487807004119,297.87849624642,12.0589077472687,1282.29944467545,1295.85230016708,297,"True","itd_ild_estimation",114,0.939318656921387,209.931162811137,"original",297,436.943522038682,98.1364501994717
"54","P0181","SH","['sigma_spectral', 'sigma_prior']",0.569,1,8.95796729763459,170.290844305021,4.39710742671263,29.6964852237584,189.801230543977,208.071331441271,10.8456172943115,1211.9234380722,1224.43051958084,297,"True","itd_ild_estimation",114,1.12886309623718,169.926326763576,"original",297,356.933849943559,18.1267781043491
"55","P0181","barycentric","['sigma_spectral', 'sigma_prior']",0.569,1,9.09880536459621,212.911190304437,3.93128874530555,28.9511164920021,233.73389044598,247.60419603613,10.1180214881897,1229.31591796875,1241.09737944603,297,"True","itd_ild_estimation",114,1.13526606559753,160.862937711401,"original",297,338.80707183921,0
"56","P0181","barumerli2023","['sigma_spectral', 'sigma_prior']",0.569,1,9.67138988821015,184.91178572623,4.21919533810718,28.6033100279804,238.360970794863,298.09227471752,11.6360499858856,1169.45048904419,1182.45972919464,297,"True","itd_ild_estimation",114,0.862598419189453,214.801794446756,"original",297,446.684785309921,107.877713470711
"57","P0204","SHMAX","['sigma_spectral', 'sigma_prior']",0.569,1,29.6181287853406,35.8531374495652,9.63708804682346,44.9601163251482,471.406524303621,441.699246720789,10.8370110988617,1090.20012712479,1102.11306190491,198,"True","itd_ild_estimation",75,0.603899717330933,440.876826335881,"original",198,897.618453763845,63.0195998429266
"58","P0204","SH","['sigma_spectral', 'sigma_prior']",0.569,1,8.39127830241501,34.721886005994,9.7951337999034,25.1270717184543,435.777224721635,481.212084931316,10.0547590255737,991.845598459244,1003.06677317619,198,"True","itd_ild_estimation",75,0.658472061157227,417.480954965575,"original",198,850.826711023233,16.2278571023146
"59","P0204","barycentric","['sigma_spectral', 'sigma_prior']",0.569,1,10,35.5282713450772,9.68168966313435,28.1170662595175,461.447857611093,446.309990057582,14.1663582324982,1379.74315619469,1394.99075126648,198,"True","itd_ild_estimation",75,0.554557800292969,409.367026414417,"original",198,834.598853920918,0
"60","P0204","barumerli2023","['sigma_spectral', 'sigma_prior']",0.569,1,9.96308085478819,35.4855074020189,9.687607076984,22.4234323892632,474.512324721623,522.686721381873,9.37625527381897,1510.12328910828,1520.60206198692,198,"True","itd_ild_estimation",75,0.585762977600098,468.296895511223,"original",198,952.45859211453,117.859738193612
"61","P0213","SHMAX","['sigma_spectral', 'sigma_prior']",0.569,1,8.62686505060813,9.56093964398235,19.0616089002406,57.6536425288197,244.870212202625,241.016019701776,8.78715682029724,1509.04960274696,1519.11055088043,198,"True","itd_ild_estimation",75,0.70945930480957,244.753158312788,"original",198,505.371117717659,2.66712700863991
"62","P0213","SH","['sigma_spectral', 'sigma_prior']",0.569,1,10.4262820200907,9.51743481262056,19.1078218484474,66.0981465590868,245.532468421586,248.024865004458,11.5930907726288,1126.27340698242,1138.88464379311,198,"True","itd_ild_estimation",75,0.542838335037231,246.682992300703,"original",198,509.23078569349,6.52679498447105
"63","P0213","barycentric","['sigma_spectral', 'sigma_prior']",0.569,1,9.74312966906684,9.51724532551678,19.1080238705304,50.6549018664726,244.298576037784,242.613675865453,10.0752584934235,2125.79516386986,2137.05988335609,198,"True","itd_ild_estimation",75,0.704768896102905,243.893942846405,"original",198,503.652686784893,0.948696075873784
"64","P0213","barumerli2023","['sigma_spectral', 'sigma_prior']",0.569,1,9.33905769976261,9.46714852739939,19.1616617307122,77.6742506583966,245.072032828695,246.63809585141,10.3492474555969,1462.72549843788,1474.18078017235,198,"True","itd_ild_estimation",75,0.611333608627319,243.419594808468,"original",198,502.703990709019,0
"65","P0224","SHMAX","['sigma_spectral', 'sigma_prior']",0.569,1,7.76099020351687,14.4658529726968,15.3404641996041,68.6014913982837,294.943875423028,315.117899822459,10.7089521884918,1213.76957845688,1225.9224922657,297,"True","itd_ild_estimation",114,0.930393934249878,297.380607568897,"original",297,611.842411554203,11.162050095562
"66","P0224","SH","['sigma_spectral', 'sigma_prior']",0.569,1,6.952174228429,14.3695661546112,15.3937497427902,179.899847564087,292.637360823337,320.85244113282,11.1912605762482,1729.73782587051,1742.31750154495,297,"True","itd_ild_estimation",114,0.885980129241943,293.647301212398,"original",297,604.375798841205,3.69543738256368
"67","P0224","barycentric","['sigma_spectral', 'sigma_prior']",0.569,1,7.59759728028501,14.5065791197363,15.3180923951964,136.959472499777,288.301168448864,296.773244833666,12.5088775157928,1323.31304073334,1337.26315689087,297,"True","itd_ild_estimation",114,0.954319000244141,291.799582521116,"original",297,600.680361458641,0
"68","P0224","barumerli2023","['sigma_spectral', 'sigma_prior']",0.569,1,8.34423869002538,13.7980471049311,15.7219052855574,87.4270421683085,332.399873858982,339.098801550856,10.0337121486664,1024.79165172577,1036.31764769554,297,"True","itd_ild_estimation",114,0.979382753372192,324.114325564895,"original",297,665.309847546197,64.6294860875564
"69","P0225","SHMAX","['sigma_spectral', 'sigma_prior']",0.569,1,10,67.8394184077474,6.98229294439288,50,100.139087208695,98.048706403052,11.1509339809418,1210.53077459335,1222.84570860863,198,"True","itd_ild_estimation",75,0.623063087463379,103.948863315095,"original",198,223.762527722274,54.888915898308
"70","P0225","SH","['sigma_spectral', 'sigma_prior']",0.569,1,10,63.7025997543245,7.20720131134412,50,109.889289341157,105.980442972523,11.6064755916595,1306.63819217682,1319.35802221298,198,"True","itd_ild_estimation",75,0.603138446807861,96.1632931689392,"original",198,208.191387429962,39.3177756059961
"71","P0225","barycentric","['sigma_spectral', 'sigma_prior']",0.569,1,7.49894209332456,67.5808065200189,6.99574043479741,50,148.634166319192,85.4002508071194,9.1680474281311,1493.506752491,1503.82787203789,198,"True","itd_ild_estimation",75,0.640141248703003,98.4394160806283,"original",198,212.74363325334,43.8700214293742
"72","P0225","barumerli2023","['sigma_spectral', 'sigma_prior']",0.569,1,6.8925338277568,66.8365163289434,7.03488052947993,39.3519355332407,86.9292896950655,86.7954762689311,10.874758720398,1400.53476834297,1412.73916935921,198,"True","itd_ild_estimation",75,0.767917156219482,76.5044053659412,"original",198,168.873611823966,0
"73","P0228","SHMAX","['sigma_spectral', 'sigma_prior']",0.569,1,3.39579144219953,6.7956788772823,22.9089426367541,156.20682315899,83.5578176491507,98.0835474650732,11.4285399913788,1111.24640488625,1123.49913454056,99,"True","itd_ild_estimation",39,0.355067014694214,84.3264206583192,"original",99,182.438200867042,3.54264655519526
"74","P0228","SH","['sigma_spectral', 'sigma_prior']",0.569,1,3.32667828416235,6.7811416694012,22.9358366111554,129.859313267056,82.495274062695,96.8062563126515,11.1628105640411,1500.7905960083,1513.02767109871,99,"True","itd_ild_estimation",39,0.522924900054932,82.5550973807215,"original",99,178.895554311847,0
"75","P0228","barycentric","['sigma_spectral', 'sigma_prior']",0.569,1,3.20500959671804,6.80034079927625,22.9003383552876,159.787701472603,84.1930248250689,97.4340202359571,11.3366599082947,1861.57911396027,1874.02800965309,99,"True","itd_ild_estimation",39,0.549385547637939,84.1478132357985,"original",99,182.080986022001,3.18543171015389
"76","P0228","barumerli2023","['sigma_spectral', 'sigma_prior']",0.569,1,3.17273884732978,7.04636051119624,22.4597741893982,127.670263671757,83.7878074654689,100.381662058447,10.1773760318756,1477.35882496834,1488.40425515175,99,"True","itd_ild_estimation",39,0.363442420959473,83.5055080958232,"original",99,180.79637574205,1.90082143020334
"77","P0238","SHMAX","['sigma_spectral', 'sigma_prior']",0.569,1,10.4223476428353,12.6218789738219,16.4692323573696,32.4613019656443,148.690524138991,150.363016979175,11.0718448162079,1667.16380596161,1679.08609986305,99,"True","itd_ild_estimation",39,0.35482120513916,148.102827283707,"original",99,309.991014117817,29.6811350539401
"78","P0238","SH","['sigma_spectral', 'sigma_prior']",0.569,1,14.2583236976848,12.4504360609194,16.5873367161314,32.9155701183834,147.91905204247,145.703710218589,11.3422746658325,1392.95332598686,1405.0940079689,99,"True","itd_ild_estimation",39,0.318065166473389,146.326480834263,"original",99,306.438321218929,26.1284421550527
"79","P0238","barycentric","['sigma_spectral', 'sigma_prior']",0.569,1,14.0114917363941,12.6803673864731,16.4295154804156,38.6069343271419,150.311398268668,153.094562741288,10.2409334182739,1462.40134954453,1473.43588256836,99,"True","itd_ild_estimation",39,0.326861381530762,146.736815920175,"original",99,307.258991390755,26.9491123268779
"80","P0238","barumerli2023","['sigma_spectral', 'sigma_prior']",0.569,1,6.62325181437176,11.9556794030464,16.9430013796901,15.75667256724,134.4698840426,140.933812345088,10.1702599525452,2483.06631946564,2494.01887440681,99,"True","itd_ild_estimation",39,0.297409534454346,133.262259756736,"original",99,280.309879063877,0
"81","P0239","SHMAX","['sigma_spectral', 'sigma_prior']",0.569,1,17.4004043100609,9.18191677992652,19.4759571280677,12.1992987994755,110.013465793062,147.768664373308,10.6903989315033,1453.36441731453,1464.98330187798,99,"True","itd_ild_estimation",39,0.377648115158081,109.831342080202,"original",99,233.448043710807,17.4583431798624
"82","P0239","SH","['sigma_spectral', 'sigma_prior']",0.569,1,13.7513470125847,9.1649750081212,19.4951180690075,4.41923688473052,112.396992853056,150.491765355971,12.8559041023254,1512.93620967865,1526.65794348717,99,"True","itd_ild_estimation",39,0.348160266876221,111.021288128107,"original",99,235.827935806618,19.8382352756733
"83","P0239","barycentric","['sigma_spectral', 'sigma_prior']",0.569,1,16.3726177705853,9.27612951539736,19.3704305615474,10.5284524804089,109.600254709958,146.61045910219,11.4204511642456,1646.19684267044,1658.41673731804,99,"True","itd_ild_estimation",39,0.321971893310547,107.590226898074,"original",99,228.965813346552,12.9761128156077
"84","P0239","barumerli2023","['sigma_spectral', 'sigma_prior']",0.569,1,10.6486403409078,9.05776697534661,19.6177025094126,8.22987121098965,102.394100628477,138.443756945183,12.8843946456909,1325.02120494843,1338.72006249428,99,"True","itd_ild_estimation",39,0.317577123641968,101.10217049027,"original",99,215.989700530945,0
"85","P0243","SHMAX","['sigma_spectral', 'sigma_prior']",0.569,1,8.95659043723273,16.8356922104787,14.1818905690459,56.9853496328614,336.396438171969,336.732865687045,13.5147848129272,1424.09888148308,1439.03299069405,297,"True","itd_ild_estimation",114,0.887006282806396,330.43679604433,"original",297,677.954788505068,8.0066531534028
"86","P0243","SH","['sigma_spectral', 'sigma_prior']",0.569,1,7.32975429262459,17.4549103154732,13.920082438155,107.031970838316,355.089482063285,349.712971931412,13.1317179203033,1471.15294909477,1485.85773515701,297,"True","itd_ild_estimation",114,1.06645727157593,345.337855976474,"original",297,707.756908369357,37.8087730176916
"87","P0243","barycentric","['sigma_spectral', 'sigma_prior']",0.569,1,8.92341324799739,16.4910520329222,14.3341688822313,74.2806203239664,337.709803203055,336.551353546851,10.966112613678,1274.80965065956,1287.19227576256,297,"True","itd_ild_estimation",114,0.943516492843628,326.433469467628,"original",297,669.948135351665,0
"88","P0243","barumerli2023","['sigma_spectral', 'sigma_prior']",0.569,1,10,17.2798396486124,13.9926274383545,50,384.791120727367,404.569965637813,10.5128202438354,1351.772356987,1363.79707717896,297,"True","itd_ild_estimation",114,1.03371000289917,377.275223850071,"original",297,771.631644116551,101.683508764886
"89","P0244","SHMAX","['sigma_spectral', 'sigma_prior']",0.569,1,7.11906881657142,4.06755807119845,30.725576099378,40.7079196475787,492.781273603333,495.087210560962,12.4068548679352,1423.55450701714,1437.45568752289,297,"True","itd_ild_estimation",114,0.980422019958496,492.258463224524,"original",297,1001.59812286546,34.4805097957408
"90","P0244","SH","['sigma_spectral', 'sigma_prior']",0.569,1,7.68565972056518,4.05082135648941,30.8022644775094,40.842272340094,494.625243984062,497.923951203762,9.52181792259216,1112.06482195854,1123.12848234177,297,"True","itd_ild_estimation",114,0.994358777999878,494.005259184283,"original",297,1005.09171478497,37.9741017152596
"91","P0244","barycentric","['sigma_spectral', 'sigma_prior']",0.569,1,7.56476818065022,4.06610378563152,30.7322163968299,36.2471515095941,495.689386683519,495.75855370305,11.2235548496246,1426.66820859909,1439.18179917336,297,"True","itd_ild_estimation",114,0.892468452453613,494.670068852081,"original",297,1006.42133412057,39.3037210508547
"92","P0244","barumerli2023","['sigma_spectral', 'sigma_prior']",0.569,1,6.42865694134037,4.15227799180225,30.3462112459578,46.5833094638549,475.85861636635,480.631201845915,10.7096214294434,1552.847864151,1565.08565878868,297,"True","itd_ild_estimation",114,1.08268642425537,475.018208326653,"original",297,967.117613069715,0
"93","P0250","SHMAX","['sigma_spectral', 'sigma_prior']",0.569,1,9.02934341271939,4.8733333122163,27.612642078263,49.3368915756938,520.24706749588,516.249155590634,12.6520743370056,1571.42302799225,1585.69856572151,297,"True","itd_ild_estimation",114,1.05942440032959,519.36307553944,"original",297,1055.80734749529,1.28509485260361
"94","P0250","SH","['sigma_spectral', 'sigma_prior']",0.569,1,8.84366708127844,4.90868365725576,27.4974712696349,43.3469241239116,520.855908381113,522.805195710616,11.6996276378632,1243.10481977463,1256.21921277046,297,"True","itd_ild_estimation",114,0.929561614990234,518.720528113138,"original",297,1054.52225264268,0
"95","P0250","barycentric","['sigma_spectral', 'sigma_prior']",0.569,1,10.0600181094578,4.91435278740485,27.4791395146344,60.8507144305206,519.379555067693,519.390928880784,10.773161649704,1297.82983064651,1310.02621650696,297,"True","itd_ild_estimation",114,0.933125495910644,520.525547394823,"original",297,1058.13229120605,3.6100385633697
"96","P0250","barumerli2023","['sigma_spectral', 'sigma_prior']",0.569,1,8.81745024222367,5.64072578512908,25.4030486848731,38.290155565065,525.340046201698,523.256208586229,9.81291270256042,1801.7987716198,1813.0345966816,297,"True","itd_ild_estimation",114,0.925518989562988,520.16953937137,"original",297,1057.42027515915,2.89802251646461
"97","P0259","SHMAX","['sigma_spectral', 'sigma_prior']",0.569,1,7.60772267783993,14.5012351569141,15.3210223681725,179.899847564087,76.9150790108656,91.9780088512163,10.6021409034729,1369.34395027161,1382.58291745186,99,"True","itd_ild_estimation",36,2.10981750488281,74.2879042332029,"original",99,162.36116801681,0.303945540850236
"98","P0259","SH","['sigma_spectral', 'sigma_prior']",0.569,1,8.34471510811133,14.3458047498517,15.4069852071888,142.950874492489,79.286798838704,97.9608717564988,10.7166337966919,1641.49318480492,1653.07266998291,99,"True","itd_ild_estimation",36,0.37732195854187,78.7159823576721,"original",99,171.217324265748,9.16010178978863
"99","P0259","barycentric","['sigma_spectral', 'sigma_prior']",0.569,1,8.18512618751424,14.419854956643,15.3658504343284,179.899995706023,76.2733320942645,92.9526840727446,12.0789980888367,1314.72740578651,1327.66699361801,99,"True","itd_ild_estimation",36,0.347912549972534,74.1359314627778,"original",99,162.057222475959,0
"100","P0259","barumerli2023","['sigma_spectral', 'sigma_prior']",0.569,1,5.43073376891752,14.1329467699483,15.5270962494968,152.611826903995,76.2000294050157,90.9839633770776,11.1902918815613,1445.57030916214,1457.57958030701,99,"True","itd_ild_estimation",36,0.339123725891113,75.1275091265113,"original",99,164.040377803426,1.9831553274669
"101","P0261","SHMAX","['sigma_spectral', 'sigma_prior']",0.569,1,10.682084420105,6.55914375875084,23.3588705319715,179.899847564087,165.154574816076,169.918446963227,10.6799476146698,1593.33855128288,1604.88978862762,99,"True","itd_ild_estimation",36,0.377560615539551,166.957432428389,"original",99,347.700224407182,16.6917955447779
"102","P0261","SH","['sigma_spectral', 'sigma_prior']",0.569,1,10,6.59270042873852,23.2933968423979,158.113883008419,164.265643003959,166.771511593127,13.9979889392853,1074.38677382469,1089.30819201469,99,"True","itd_ild_estimation",36,0.371212482452393,163.297698153246,"original",99,340.380755856896,9.37232699449225
"103","P0261","barycentric","['sigma_spectral', 'sigma_prior']",0.569,1,9.54232737553544,6.53930415914635,23.3978454699452,124.822711583571,165.766564879835,170.564688981629,12.7378842830658,1272.7274055481,1286.30856609344,99,"True","itd_ild_estimation",36,0.32354998588562,164.770897185561,"original",99,343.327153921526,12.3187250591214
"104","P0261","barumerli2023","['sigma_spectral', 'sigma_prior']",0.569,1,5.79426803133149,6.32670586182272,23.8283596763085,66.297932913285,159.713148200427,168.858757063928,11.4847085475922,1198.4092502594,1210.68754935265,99,"True","itd_ild_estimation",36,0.325522184371948,158.611534656,"original",99,331.008428862404,0
"105","P0271","SHMAX","['sigma_spectral', 'sigma_prior']",0.569,1,10,42.4712168348243,8.84449646380679,50,101.212872237434,109.944958400385,9.88696956634522,1249.85209155083,1260.60337948799,99,"True","itd_ild_estimation",39,0.394016027450562,102.33195226612,"original",99,218.449264082644,9.0832619288378
"106","P0271","SH","['sigma_spectral', 'sigma_prior']",0.569,1,9.96287028038482,41.8348449816948,8.91233619497478,49.6878408488311,106.472325820794,108.046520322763,9.87678480148315,1326.65545296669,1337.3467297554,99,"True","itd_ild_estimation",39,0.354103803634643,105.783226345164,"original",99,225.351812240733,15.985810086926
"107","P0271","barycentric","['sigma_spectral', 'sigma_prior']",0.569,1,9.09880536459621,41.3848097864661,8.9612652686735,51.4831743553656,101.666868391853,101.326373274773,9.17004585266113,1552.32122373581,1562.33789682388,99,"True","itd_ild_estimation",39,0.346706628799438,97.7903213017014,"original",99,209.366002153807,0
"108","P0271","barumerli2023","['sigma_spectral', 'sigma_prior']",0.569,1,6.8925338277568,42.7370612855305,8.81661167126292,39.3519355332407,103.508741833503,98.2931496590767,12.1851756572723,1011.27081894875,1024.29482960701,99,"True","itd_ild_estimation",39,0.339666128158569,101.888177009388,"original",99,217.56171356918,8.19571141537352
"109","P0330","SHMAX","['sigma_spectral', 'sigma_prior']",0.569,1,9.81550936600261,3.19908323671117,35.6857653781184,109.448668584147,170.616822365381,172.18066198107,13.6606075763702,1274.3661968708,1288.8548989296,99,"True","itd_ild_estimation",39,0.320990562438965,171.94672980338,"original",99,357.678819157164,25.2363845969394
"110","P0330","SH","['sigma_spectral', 'sigma_prior']",0.569,1,9.5672744156229,3.18982859210651,35.7521532885383,179.899847564087,170.218466808691,171.498091382061,11.2247443199158,1364.32758998871,1376.28971767426,99,"True","itd_ild_estimation",39,0.279298305511475,168.715707629026,"original",99,351.216774808456,18.7743402482315
"111","P0330","barycentric","['sigma_spectral', 'sigma_prior']",0.569,1,9.2025653621767,3.1944176429759,35.7191892139316,121.321676863271,170.85566510162,169.837360310579,12.3158993721008,1973.78441047668,1986.90712189674,99,"True","itd_ild_estimation",39,0.326355218887329,170.271104562874,"original",99,354.327568676151,21.8851341159267
"112","P0330","barumerli2023","['sigma_spectral', 'sigma_prior']",0.569,1,7.25274223974299,3.2294403524465,35.4704833156498,96.0263821956048,159.794685686208,163.56239601458,9.97994256019592,1284.5421602726,1295.35261082649,99,"True","itd_ild_estimation",39,0.348600625991821,159.32853750491,"original",99,332.442434560225,0
"113","P0347","SHMAX","['sigma_spectral', 'sigma_prior']",0.569,1,12.1962038649464,9.09422794993285,19.5757514189746,17.8164444666301,116.014917411967,126.581911650855,11.5094745159149,1558.77260160446,1571.04022979736,99,"True","itd_ild_estimation",39,0.308209180831909,115.995754952271,"original",99,245.776869454947,0
"114","P0347","SH","['sigma_spectral', 'sigma_prior']",0.569,1,17.4213463370479,9.08946443951794,19.581216823292,19.4529261863853,117.409091731852,132.156035709367,10.5205156803131,1496.08224701881,1507.46591711044,99,"True","itd_ild_estimation",39,0.380951404571533,116.523092882375,"original",99,246.831545315155,1.05467586020819
"115","P0347","barycentric","['sigma_spectral', 'sigma_prior']",0.569,1,11.9326932570798,9.16179242058439,19.4987238883778,18.1756344859817,117.22344209066,131.40631111362,10.3920166492462,1464.54056429863,1475.69134831429,99,"True","itd_ild_estimation",39,0.280612230300903,116.211826930848,"original",99,246.209013412099,0.432143957152277
"116","P0347","barumerli2023","['sigma_spectral', 'sigma_prior']",0.569,1,11.8045516994008,9.09876583364731,19.5705491667956,15.0243154100194,118.713018756261,130.370341231696,10.0019452571869,1273.81626486778,1284.69631433487,99,"True","itd_ild_estimation",39,0.371658325195312,117.536188247353,"original",99,248.857736045111,3.08086659016416
"117","P0348","SHMAX","['sigma_spectral', 'sigma_prior']",0.569,1,6.58572384293188,30.0032812896231,10.5497253126622,59.8879083247147,101.866645975859,103.917968136955,9.73004221916199,1014.39505386353,1025.03990912437,99,"True","itd_ild_estimation",39,0.369563102722168,100.189842841951,"original",99,214.165045234305,0
"118","P0348","SH","['sigma_spectral', 'sigma_prior']",0.569,1,6.98438437135231,32.533444987392,10.1243283374396,50.5288640430797,109.819248946281,112.929925893062,9.40970993041992,1382.29081869125,1392.49348497391,99,"True","itd_ild_estimation",39,0.312037706375122,106.797062404564,"original",99,227.379484359532,13.214439125226
"119","P0348","barycentric","['sigma_spectral', 'sigma_prior']",0.569,1,6.89528902602572,30.1667008827677,10.5206139752771,60.7847237376247,103.349872547785,110.534239334188,10.0071384906769,1509.14689302444,1519.93429851532,99,"True","itd_ild_estimation",39,0.282045841217041,103.155630665867,"original",99,220.096620882138,5.93157564783226
"120","P0348","barumerli2023","['sigma_spectral', 'sigma_prior']",0.569,1,6.8925338277568,31.1201226455162,10.3554491965954,39.3519355332407,106.182121567949,117.0989849897,10.8615591526031,1016.91442513466,1028.61438155174,99,"True","itd_ild_estimation",39,0.363110542297363,105.580020601424,"original",99,224.945400753252,10.7803555189467
"121","P0349","SHMAX","['sigma_spectral', 'sigma_prior']",0.569,1,7.64140306253706,35.1162991606511,9.73915129640426,51.872793709556,102.297540447717,106.873614656339,11.02161693573,1524.0498008728,1535.86753821373,99,"True","itd_ild_estimation",39,0.295820236206055,101.380544131115,"original",99,216.546447812633,2.21089107636863
"122","P0349","SH","['sigma_spectral', 'sigma_prior']",0.569,1,6.58137231008016,34.8170113999051,9.78154349459417,47.210237945319,103.749713495356,108.907356357281,12.6857023239136,1313.29240345955,1326.77659273148,99,"True","itd_ild_estimation",39,0.301438808441162,102.183990505444,"original",99,218.153340561292,3.81778382502708
"123","P0349","barycentric","['sigma_spectral', 'sigma_prior']",0.569,1,6.63981641475299,34.8522069677341,9.77652952139146,43.0833726717678,100.359086074826,102.97607952331,10.8419001102448,1223.86726093292,1235.58631443977,99,"True","itd_ild_estimation",39,0.356190204620361,100.27509859293,"original",99,214.335556736265,0
"124","P0349","barumerli2023","['sigma_spectral', 'sigma_prior']",0.569,1,8.01775413366044,33.8148821351432,9.92762644530965,64.3198472468487,116.885169468394,118.547845707428,9.74814105033874,1225.1274805069,1235.72972989082,99,"True","itd_ild_estimation",39,0.332449197769165,115.976317545403,"original",99,245.73799464121,31.4024379049451
"125","P0350","SHMAX","['sigma_spectral', 'sigma_prior']",0.569,1,8.26429498672348,14.3962038638232,15.3789526838482,18.052430988085,93.9016644558812,109.578638078647,10.782968044281,1592.9085662365,1606.44396114349,99,"True","itd_ild_estimation",39,0.342371463775635,95.3750084395562,"original",99,204.535376429516,18.9110892242072
"126","P0350","SH","['sigma_spectral', 'sigma_prior']",0.569,1,8.81871130754711,14.2620433781887,15.453915823765,16.7646405570236,94.784240086802,107.241857561219,9.83123230934143,1708.18911504745,1718.74477124214,99,"True","itd_ild_estimation",39,0.271241664886475,90.8681622408521,"original",99,195.521684032108,9.89739682679894
"127","P0350","barycentric","['sigma_spectral', 'sigma_prior']",0.569,1,8.85058328733302,14.3249435444743,15.4186334552065,19.9714884740624,96.6178884249867,111.19800433457,9.61118125915527,1287.23550510406,1297.66482377052,99,"True","itd_ild_estimation",39,0.308260917663574,98.0595491871119,"original",99,209.904457924628,24.2801707193187
"128","P0350","barumerli2023","['sigma_spectral', 'sigma_prior']",0.569,1,6.02026214121018,14.1467217507247,15.5192380095871,11.1105368900521,89.0319864769277,113.429887272061,11.3898618221283,1507.59998202324,1519.83568406105,99,"True","itd_ild_estimation",39,0.322406530380249,85.9194638274526,"original",99,185.624287205309,0
"129","P0351","SHMAX","['sigma_spectral', 'sigma_prior']",0.569,1,4.45556612146857,59.3451091146858,7.4693140143534,179.899847564087,-54.3725393720997,2.87263704939705,9.13966464996338,1367.17559456825,1377.22721552849,99,"True","itd_ild_estimation",39,0.383816957473755,-55.3596690482802,"original",99,-96.9339785461566,3.90328337490794
"130","P0351","SH","['sigma_spectral', 'sigma_prior']",0.569,1,4.5058936509063,57.4868421896803,7.59013490764657,110.084163121344,-48.7653939495156,14.2775028009108,10.615597486496,2599.9194085598,2611.33683562279,99,"True","itd_ild_estimation",39,0.350355863571167,-47.0885526953926,"original",99,-80.3917458403815,20.445516080683
"131","P0351","barycentric","['sigma_spectral', 'sigma_prior']",0.569,1,4.23254608990056,59.890893323985,7.43491025199578,179.899847564087,-55.4444982836973,-2.8754376313916,9.9992561340332,1408.9104104042,1419.7305533886,99,"True","itd_ild_estimation",39,0.356715202331543,-57.3113107357342,"original",99,-100.837261921065,0
"132","P0351","barumerli2023","['sigma_spectral', 'sigma_prior']",0.569,1,3.85466794100592,59.7604762921192,7.44308790788092,98.0444321965955,-24.633875424105,8.15102311437137,9.93324589729309,1472.66158294678,1483.45010924339,99,"True","itd_ild_estimation",39,0.338630437850952,-34.9805018326883,"original",99,-56.1756441149729,44.6616178060917
